"Contig_id","Nb.genes.contigs","Fragment","Nb.genes","Category","Nb.phage.hallmark.genes","Phage.gene.enrichment.sig","Non.Caudovirales.phage.gene.enrichment.sig","Pfam.depletion.sig","Uncharacterized.enrichment.sig","Strand.switch.depletion.sig","Short.genes.enrichment.sig","Scaffold.ID","Scaffold.Name","Genome.ID","Genome","Gene.Count","Sequence.Length..bp.","GC.Content","Read.Depth","Prophages.per.scaffold","Prophages.per.genome"
"2501651735_PE3_Contig_595-circular",53,"2501651735_PE3_Contig_595-circular",53,1,2,"7.145843694","","28.60868527","gene_13-gene_47:4.83029318184128","2.692592597","",2501651735,"Moritella sp PE36 (Updated) : PE3_Contig_595",2501651208,"Moritella sp. PE36",56,50709,0.4,NA,1,1
"2518681435_CP003677",4382,"2518681435_CP003677-gene_1360-gene_1414",55,1,3,"gene_1360-gene_1414:7.65308072722566","","gene_1360-gene_1409:24.02789039178666","","","",2518681435,"Pseudomonas stutzeri Ursing AN10, CCUG 29243 : CP003677",2518645567,"Pseudomonas stutzeri AN10, CCUG 29243",4374,4709064,0.63,1,1,1
"2526166977_SER39009_Serratia_39006_draft_12-05-13_1",4403,"2526166977_SER39009_Serratia_39006_draft_12-05-13_1-gene_2589-gene_2649",61,1,4,"gene_2589-gene_2649:22.25894965098505","","gene_2591-gene_2649:26.39840923635721","","","",2526166977,"Draft Genome Sequence of Serratia sp. strain ATCC 39006 : SER39009_Serratia_39006_draft_12-05-13.1",2526164535,"Serratia sp. ATCC 39006",4578,4947661,0.49,1,3,3
"2541145441_ATJC01000124-circular",6,"2541145441_ATJC01000124-circular",6,1,2,"4.006152152","14.67015978","2.692064558","","","",2541145441,"Enterococcus faecalis LA3B-2 : ATJC01000124",2541047540,"Enterococcus faecalis LA3B-2",7,5420,0.45,1,1,1
"2690318780_Ga0045920_11",3514,"2690318780_Ga0045920_11-gene_2185-gene_2236",52,1,4,"gene_2185-gene_2236:41.19996677314062","","gene_2185-gene_2236:27.42918012560486","","","",2690318780,"Clostridium botulinum B Eklund 17B : Ga0045920_11",2690315688,"Clostridium botulinum B Eklund 17B",3570,3781509,0.27,1,6,6
"2724812731_K09K1_contig000002",3096,"2724812731_K09K1_contig000002-gene_3087-gene_3096",10,1,2,"","gene_3087-gene_3096:7.60588799823735","","","","",2724812731,"Vibrio alginolyticus K09K1 (K09K1) : K09K1_contig000002",2724679826,"Vibrio alginolyticus K09K1 (K09K1)",3223,3465619,0.45,1,5,5
"641522729_NC_010674",3507,"641522729_NC_010674-gene_2172-gene_2223",52,1,4,"gene_2172-gene_2223:41.20084629358395","","gene_2172-gene_2223:27.43005964604818","","","",641522729,"Clostridium botulinum B str. Eklund 17B: NC_010674",641522618,"Clostridium botulinum B Eklund 17B",3585,3800327,0.28,NA,6,6
"641522729_NC_010674",3507,"641522729_NC_010674-gene_2639-gene_2721",83,1,4,"gene_2639-gene_2721:16.28258413351434","","gene_2639-gene_2721:31.17119350076574","","","",641522729,"Clostridium botulinum B str. Eklund 17B: NC_010674",641522618,"Clostridium botulinum B Eklund 17B",3585,3800327,0.28,NA,6,6
"643348578_NC_011566",4565,"643348578_NC_011566-gene_2273-gene_2282",10,1,2,"","gene_2273-gene_2282:4.41470138632291","","","","",643348578,"Shewanella piezotolerans WP3: NC_011566",643348575,"Shewanella piezotolerans WP3",5047,5396476,0.43,NA,2,2
"647533937_NZ_DS999412-circular",4631,"647533937_NZ_DS999412-circular-gene_1745-gene_1810",66,1,2,"gene_1745-gene_1810:3.53592634107919","","gene_1749-gene_1810:26.67876626271415","gene_1761-gene_1788:5.45418207635417","gene_1747-gene_1808:2.44372519997279","",647533937,"Stenotrophomonas sp. SKA14 scf_1108481805244 genomic scaffold: NZ_DS999412",647533230,"Stenotrophomonas sp. SKA14",4534,5017753,0.66,NA,9,9
"2506213072_Contig398",4215,"2506213072_Contig398-gene_1804-gene_1865",62,2,6,"gene_1804-gene_1858:9.62558609647393","","gene_1804-gene_1865:22.27059174476230","","","",2506213072,"Marinomonas mediterranea MMB-1 : Contig398",2506210002,"Marinomonas mediterranea MMB-1, ATCC 700492",4326,4684316,0.44,1,2,2
"2506213072_Contig398",4215,"2506213072_Contig398-gene_4176-gene_4195",20,2,2,"","","gene_4176-gene_4195:3.16731213685282","","","",2506213072,"Marinomonas mediterranea MMB-1 : Contig398",2506210002,"Marinomonas mediterranea MMB-1, ATCC 700492",4326,4684316,0.44,1,2,2
"2506485008_Contig317",4900,"2506485008_Contig317-gene_4573-gene_4589",17,2,1,"","","gene_4573-gene_4589:5.86991566422538","gene_4574-gene_4587:2.10884826099981","","",2506485008,"Anabaena sp. PCC 7108 : Contig317",2506485002,"Anabaena sp. PCC 7108",5076,5714552,0.39,1,4,4
"2506485008_Contig317",4900,"2506485008_Contig317-gene_861-gene_960",100,2,2,"","","gene_861-gene_960:26.43527543756583","gene_864-gene_960:12.58222369329079","","",2506485008,"Anabaena sp. PCC 7108 : Contig317",2506485002,"Anabaena sp. PCC 7108",5076,5714552,0.39,1,4,4
"2507267694_KS100_Contig_1",2865,"2507267694_KS100_Contig_1-gene_2020-gene_2084",65,2,1,"","","gene_2020-gene_2084:6.35712163340614","gene_2020-gene_2084:4.13585836099760","","",2507267694,"Synechococcus sp. KORDI-100 (genome sequencing) : KS100_Contig.1",2507262013,"Synechococcus sp. KORDI-100 (genome sequencing)",3058,2789000,0.57,1,9,9
"2507267694_KS100_Contig_1",2865,"2507267694_KS100_Contig_1-gene_203-gene_232",30,2,1,"","","gene_203-gene_232:8.15714821050804","gene_203-gene_232:5.66071612875706","","",2507267694,"Synechococcus sp. KORDI-100 (genome sequencing) : KS100_Contig.1",2507262013,"Synechococcus sp. KORDI-100 (genome sequencing)",3058,2789000,0.57,1,9,9
"2507267694_KS100_Contig_1",2865,"2507267694_KS100_Contig_1-gene_2693-gene_2762",70,2,1,"","","gene_2693-gene_2762:7.93895566817361","gene_2736-gene_2762:3.92715921979740","","",2507267694,"Synechococcus sp. KORDI-100 (genome sequencing) : KS100_Contig.1",2507262013,"Synechococcus sp. KORDI-100 (genome sequencing)",3058,2789000,0.57,1,9,9
"2507281626_Sbal625_Contig118_1",4363,"2507281626_Sbal625_Contig118_1-gene_2046-gene_2094",49,2,4,"","","gene_2046-gene_2094:9.69438753751968","","","",2507281626,"Shewanella baltica OS625 : Sbal625_Contig118.1",2507262035,"Shewanella baltica OS625",4558,5145631,0.46,1,2,2
"2507281626_Sbal625_Contig118_1",4363,"2507281626_Sbal625_Contig118_1-gene_2172-gene_2219",48,2,0,"","gene_2192-gene_2212:2.99273696332354","gene_2172-gene_2215:11.33581515594062","gene_2172-gene_2219:4.45272420750462","","gene_2174-gene_2215:2.75033895147907",2507281626,"Shewanella baltica OS625 : Sbal625_Contig118.1",2507262035,"Shewanella baltica OS625",4558,5145631,0.46,1,2,2
"2511244427_NC_016078",3849,"2511244427_NC_016078-gene_672-gene_732",61,2,4,"gene_674-gene_732:5.81752901555456","","gene_672-gene_732:29.49138609286272","","","",2511244427,"Pelagibacterium halotolerans B2 : NC_016078",2511231054,"Pelagibacterium halotolerans B2",3937,3944837,0.61,1,3,3
"2511244427_NC_016078",3849,"2511244427_NC_016078-gene_909-gene_925",17,2,1,"","","gene_909-gene_925:4.16407378516032","","","",2511244427,"Pelagibacterium halotolerans B2 : NC_016078",2511231054,"Pelagibacterium halotolerans B2",3937,3944837,0.61,1,3,3
"2512205695_CP002987",3683,"2512205695_CP002987-gene_3164-gene_3224",61,2,6,"gene_3173-gene_3190:3.11577588581729","","gene_3164-gene_3224:26.13858579564700","gene_3191-gene_3224:7.90793626073007","","",2512205695,"Acetobacterium woodii WB1, DSM 1030 : CP002987",2512047040,"Acetobacterium woodii WB1, DSM 1030",3561,4044777,0.39,1,3,3
"2512205695_CP002987",3683,"2512205695_CP002987-gene_3566-gene_3646",81,2,5,"gene_3590-gene_3646:3.77973878846060","","gene_3566-gene_3643:26.75495933650836","","","gene_3570-gene_3641:3.78372788569503",2512205695,"Acetobacterium woodii WB1, DSM 1030 : CP002987",2512047040,"Acetobacterium woodii WB1, DSM 1030",3561,4044777,0.39,1,3,3
"2512211939_PhacaeDRAFT_Scaffold1_6",3405,"2512211939_PhacaeDRAFT_Scaffold1_6-gene_1-gene_35",35,2,1,"","","gene_1-gene_35:8.53901558029853","gene_1-gene_35:3.22524035242935","","",2512211939,"cCaer_A3521",2512047087,"Leisingera caerulea DSM 24564",3453,3520924,0.64,1,3,3
"2512211939_PhacaeDRAFT_Scaffold1_6",3405,"2512211939_PhacaeDRAFT_Scaffold1_6-gene_2735-gene_2790",56,2,1,"gene_2739-gene_2778:5.21308985067042","","gene_2735-gene_2790:20.03993189837095","","","",2512211939,"cCaer_A3521",2512047087,"Leisingera caerulea DSM 24564",3453,3520924,0.64,1,3,3
"2512211939_PhacaeDRAFT_Scaffold1_6",3405,"2512211939_PhacaeDRAFT_Scaffold1_6-gene_3366-gene_3405",40,2,1,"","","gene_3366-gene_3405:17.56069396834337","gene_3366-gene_3396:11.68773119873446","","gene_3371-gene_3394:7.64590228711917",2512211939,"cCaer_A3521",2512047087,"Leisingera caerulea DSM 24564",3453,3520924,0.64,1,3,3
"2512569605_Leime_Contig76_3",4053,"2512569605_Leime_Contig76_3-gene_1289-gene_1357",69,2,3,"","","gene_1289-gene_1357:31.23994378630123","gene_1289-gene_1355:6.36470012128221","","",2512569605,"cMeth_4145",2512564009,"Leisingera methylohalidivorans MB2, DSM 14336",4135,4144900,0.62,1,4,4
"2512569605_Leime_Contig76_3",4053,"2512569605_Leime_Contig76_3-gene_1786-gene_1861",76,2,3,"","","gene_1786-gene_1861:2.69901065528984","","","",2512569605,"cMeth_4145",2512564009,"Leisingera methylohalidivorans MB2, DSM 14336",4135,4144900,0.62,1,4,4
"2512569605_Leime_Contig76_3",4053,"2512569605_Leime_Contig76_3-gene_2139-gene_2184",46,2,2,"gene_2143-gene_2184:4.57860320208050","","gene_2139-gene_2184:16.57052781929814","","","",2512569605,"cMeth_4145",2512564009,"Leisingera methylohalidivorans MB2, DSM 14336",4135,4144900,0.62,1,4,4
"2512569605_Leime_Contig76_3",4053,"2512569605_Leime_Contig76_3-gene_3039-gene_3094",56,2,4,"","","gene_3039-gene_3094:9.50477085471373","","","",2512569605,"cMeth_4145",2512564009,"Leisingera methylohalidivorans MB2, DSM 14336",4135,4144900,0.62,1,4,4
"2513256208_cola_cola-finished-ohne-overlap_screen_ace_1_1",4264,"2513256208_cola_cola-finished-ohne-overlap_screen_ace_1_1-gene_1652-gene_1755",104,2,2,"","","gene_1652-gene_1728:24.80938879609361","gene_1656-gene_1755:7.38950914688497","","gene_1653-gene_1744:3.63166267709122",2513256208,"Glaciecola sp. ANT9081 (cola82) : cola_cola-finished-ohne-overlap_screen_ace_1.1",2513237134,"Glaciecola sp. ANT9081 (cola82)",4330,4996068,0.39,1,9,9
"2516493516_NitteDRAFT_scaffold1_1-circular",1953,"2516493516_NitteDRAFT_scaffold1_1-circular-gene_1828-gene_1876",49,2,1,"","","gene_1828-gene_1876:3.67789516198555","","","",2516493516,"Nitratiruptor tergarcus DSM 16512 : NitteDRAFT_scaffold1.1",2516493030,"Nitratiruptor tergarcus DSM 16512",2004,1894691,0.37,1,1,1
"2517093774_Syn9616DRAFT_scaffold1_1-circular",2781,"2517093774_Syn9616DRAFT_scaffold1_1-circular-gene_431-gene_530",100,2,1,"","","gene_431-gene_530:20.52423158979292","gene_431-gene_530:18.64155861600038","","",2517093774,"Synechococcus sp. CC9616 : Syn9616DRAFT_scaffold1.1",2517093019,"Synechococcus sp. CC9616",2958,2645910,0.57,1,6,6
"2517434717_A3EYDRAFT_scaffold00015_15-circular",25,"2517434717_A3EYDRAFT_scaffold00015_15-circular",25,2,1,"","","gene_3-gene_25:4.95216220375143","","","",2517434717,"Loktanella hongkongensis DSM 17492 : A3EYDRAFT_scaffold00015.15",2517434011,"Loktanella hongkongensis DSM 17492",23,17661,0.63,1,1,1
"2517487235_scaffold00006",4444,"2517487235_scaffold00006-gene_2294-gene_2391",98,2,4,"","","gene_2343-gene_2391:15.61007447337085","gene_2294-gene_2391:2.40895700530728","","",2517487235,"Loktanella sp. SE62 : scaffold00006",2517487002,"Loktanella sp. SE62",4572,4521360,0.62,1,3,3
"2521191523_Phaar_neu_scaffold_2516677464_1",4114,"2521191523_Phaar_neu_scaffold_2516677464_1-gene_1-gene_82",82,2,2,"","","gene_1-gene_82:11.98505530306585","gene_4-gene_82:6.61016546990869","","gene_70-gene_82:3.62381653867472",2521191523,"cArct_4215",2521172622,"Pseudophaeobacter arcticus DSM 23566",4089,4215469,0.59,1,6,6
"2521191523_Phaar_neu_scaffold_2516677464_1",4114,"2521191523_Phaar_neu_scaffold_2516677464_1-gene_1517-gene_1561",45,2,3,"","","gene_1517-gene_1561:17.42805458047215","","","",2521191523,"cArct_4215",2521172622,"Pseudophaeobacter arcticus DSM 23566",4089,4215469,0.59,1,6,6
"2521191523_Phaar_neu_scaffold_2516677464_1",4114,"2521191523_Phaar_neu_scaffold_2516677464_1-gene_2017-gene_2055",39,2,3,"","","gene_2017-gene_2055:15.15293130807227","gene_2017-gene_2054:2.06877430409231","","",2521191523,"cArct_4215",2521172622,"Pseudophaeobacter arcticus DSM 23566",4089,4215469,0.59,1,6,6
"2521191523_Phaar_neu_scaffold_2516677464_1",4114,"2521191523_Phaar_neu_scaffold_2516677464_1-gene_2113-gene_2204",92,2,7,"gene_2162-gene_2204:6.23075266622816","","gene_2113-gene_2204:16.16922237665582","","","",2521191523,"cArct_4215",2521172622,"Pseudophaeobacter arcticus DSM 23566",4089,4215469,0.59,1,6,6
"2521194441_CP003845",3795,"2521194441_CP003845-gene_2449-gene_2500",52,2,3,"","","gene_2449-gene_2500:18.91574060192179","","","",2521194441,"Alteromonas macleodii Black Sea 11 : CP003845",2521172684,"Alteromonas macleodii Black Sea 11",3858,4480507,0.45,1,2,2
"2524031326_Shewanella",4136,"2524031326_Shewanella-gene_1665-gene_1720",56,2,4,"","","gene_1665-gene_1720:17.28480278090927","","","",2524031326,"Shewanella frigidimarina NCIMB 400 : Shewanella",2524023134,"Shewanella frigidimarina NCIMB 400",4174,4845257,0.42,1,1,1
"2524031327_Shewanella",3897,"2524031327_Shewanella-gene_3320-gene_3369",50,2,4,"","","gene_3320-gene_3369:14.97169187362192","","","",2524031327,"Shewanella denitrificans OS217 : Shewanella",2524023135,"Shewanella denitrificans OS217",3920,4545906,0.45,1,2,2
"2524037964_FO203503",4557,"2524037964_FO203503-gene_4414-gene_4444",31,2,1,"","","gene_4414-gene_4444:7.25819422222262","","","",2524037964,"Desulfobacula toluolica Tol2 : FO203503",2524023220,"Desulfobacula toluolica Tol2",4435,5197905,0.41,1,2,2
"2526166977_SER39009_Serratia_39006_draft_12-05-13_1",4403,"2526166977_SER39009_Serratia_39006_draft_12-05-13_1-gene_2475-gene_2515",41,2,4,"gene_2481-gene_2515:11.65794422701796","","gene_2475-gene_2515:12.05114860054580","","","",2526166977,"Draft Genome Sequence of Serratia sp. strain ATCC 39006 : SER39009_Serratia_39006_draft_12-05-13.1",2526164535,"Serratia sp. ATCC 39006",4578,4947661,0.49,1,3,3
"2526166977_SER39009_Serratia_39006_draft_12-05-13_1",4403,"2526166977_SER39009_Serratia_39006_draft_12-05-13_1-gene_4119-gene_4180",62,2,1,"gene_4150-gene_4180:12.54157083720893","","gene_4119-gene_4180:13.76764317327140","","","",2526166977,"Draft Genome Sequence of Serratia sp. strain ATCC 39006 : SER39009_Serratia_39006_draft_12-05-13.1",2526164535,"Serratia sp. ATCC 39006",4578,4947661,0.49,1,3,3
"2540348203_FO203427",3295,"2540348203_FO203427-gene_2262-gene_2352",91,2,4,"","","gene_2262-gene_2352:3.86079496472651","","","",2540348203,"Desulfovibrio piezophilus C1TLV30, DSM 21447 : FO203427",2540341170,"Desulfovibrio piezophilus C1TLV30",3431,3646098,0.5,1,2,2
"2540355318_H276DRAFT_scaffold00001_1-circular",3704,"2540355318_H276DRAFT_scaffold00001_1-circular-gene_733-gene_751",19,2,1,"","","gene_733-gene_751:5.48802165364244","","","",2540355318,"Mycobacterium sp. 141 : H276DRAFT_scaffold00001.1",2540341250,"Mycobacterium sp. 141",3820,3866206,0.66,1,2,2
"2549075848_RCA23c",3168,"2549075848_RCA23c-gene_2282-gene_2353",72,2,1,"","","gene_2282-gene_2353:5.76606632807423","gene_2308-gene_2323:2.14045680092364","","",2549075848,"Planktomarina temperata RCA23, DSM 22400 (RCA23) : RCA23c",2548877138,"Planktomarina temperata RCA23, DSM 22400 (RCA23)",3101,3288122,0.54,1,2,2
"2551322688_A142DRAFT_AJZD01000300_1_300-circular",5,"2551322688_A142DRAFT_AJZD01000300_1_300-circular",5,2,0,"","5.1799134","","","","2.067526235",2551322688,"Vibrio splendidus 12E03 : A142DRAFT_AJZD01000300_1.300",2551306058,"Vibrio splendidus 12E03",5,3223,0.4,1,1,1
"2551324408_A148DRAFT_AJZJ01000420_1_420-circular",6,"2551324408_A148DRAFT_AJZJ01000420_1_420-circular",6,2,0,"","5.004057711","","","","",2551324408,"Vibrio splendidus 1F-157 : A148DRAFT_AJZJ01000420_1.420",2551306064,"Vibrio splendidus 1F-157",7,3509,0.39,1,1,1
"2551327266_A147DRAFT_AJZI01000054_1_54-circular",20,"2551327266_A147DRAFT_AJZI01000054_1_54-circular",20,2,1,"","","5.714627634","","","",2551327266,"Vibrio splendidus FF-6 : A147DRAFT_AJZI01000054_1.54",2551306078,"Vibrio splendidus FF-6",21,16865,0.44,1,1,1
"2558913391_P176DRAFT_scf7180000000002_quiver_dupTrim_6579_1",3571,"2558913391_P176DRAFT_scf7180000000002_quiver_dupTrim_6579_1-gene_2375-gene_2437",63,2,0,"gene_2375-gene_2406:5.69748888632903","","gene_2375-gene_2437:34.78958860571392","gene_2407-gene_2436:4.44718280041448","","",2558913391,"Sediminibacter sp. Hel_I_10 : P176DRAFT_scf7180000000002_quiver_dupTrim_6579.1",2558860975,"Sediminibacter sp. Hel_I_10",3688,4106053,0.37,1,4,4
"2561541728_CP006605",3414,"2561541728_CP006605-gene_366-gene_387",22,2,0,"gene_366-gene_387:3.84604245208845","gene_373-gene_387:18.62355357615353","gene_366-gene_387:4.48612765191556","","","",2561541728,"Vibrio campbellii ATCC BAA-1116 : CP006605",2561511217,"Vibrio campbellii ATCC BAA-1116",3496,3746887,0.46,1,2,2
"2561541728_CP006605",3414,"2561541728_CP006605-gene_664-gene_745",82,2,7,"gene_682-gene_736:6.83166604104609","","gene_664-gene_745:15.69621002462923","","","",2561541728,"Vibrio campbellii ATCC BAA-1116 : CP006605",2561511217,"Vibrio campbellii ATCC BAA-1116",3496,3746887,0.46,1,2,2
"2571071633_BS76DRAFT_scf7180000000002_quiver_dupTrim_10022_1",2522,"2571071633_BS76DRAFT_scf7180000000002_quiver_dupTrim_10022_1-gene_509-gene_575",67,2,3,"gene_524-gene_575:4.16545484497978","","gene_509-gene_571:34.94341581866966","gene_509-gene_563:8.24194447232934","","gene_541-gene_566:4.35190630816225",2571071633,"Thiomicrospira sp. MA2-6 : BS76DRAFT_scf7180000000002_quiver_dupTrim_10022.1",2571042363,"Thiomicrospira sp. MA2-6",2546,2676715,0.5,1,1,1
"2571156966_P166DRAFT_scf7180000000008_quiver_2",2328,"2571156966_P166DRAFT_scf7180000000008_quiver_2-gene_408-gene_460",53,2,6,"gene_424-gene_453:2.37368081795334","","gene_408-gene_460:14.51674246211043","","","",2571156966,"Hydrogenovibrio marinus DSM 11271 : P166DRAFT_scf7180000000008_quiver.2",2571042915,"Hydrogenovibrio marinus DSM 11271",2390,2497233,0.44,1,1,1
"2597512639_Ga0036914_gi564132530_1",3993,"2597512639_Ga0036914_gi564132530_1-gene_1146-gene_1179",34,2,1,"","","gene_1146-gene_1179:7.87233724812148","","","",2597512639,"Congregibacter litoralis KT71 : Ga0036914_gi564132530.1",2597489864,"Congregibacter litoralis KT71",3981,4351117,0.58,1,5,5
"2597512639_Ga0036914_gi564132530_1",3993,"2597512639_Ga0036914_gi564132530_1-gene_2218-gene_2230",13,2,1,"","","gene_2218-gene_2230:3.25065651290056","","","",2597512639,"Congregibacter litoralis KT71 : Ga0036914_gi564132530.1",2597489864,"Congregibacter litoralis KT71",3981,4351117,0.58,1,5,5
"2597520218_Ga0032872_gi461490773_1",3572,"2597520218_Ga0032872_gi461490773_1-gene_433-gene_485",53,2,2,"gene_434-gene_485:4.01150416521954","","gene_433-gene_471:15.21516150652803","","","",2597520218,"Thalassolituus oleivorans MIL-1 : Ga0032872_gi461490773.1",2597489935,"Thalassolituus oleivorans MIL-1",3638,3920328,0.47,1,1,1
"2619690354_Ga0074067_11",4508,"2619690354_Ga0074067_11-gene_1683-gene_1739",57,2,3,"gene_1683-gene_1734:8.49488980134638","","gene_1683-gene_1739:26.80206934240449","","","",2619690354,"Martelella endophytica YC6887 : Ga0074067_11",2619619303,"Martelella endophytica YC6887",4530,4817335,0.62,1,3,3
"2619690354_Ga0074067_11",4508,"2619690354_Ga0074067_11-gene_3019-gene_3085",67,2,3,"","","gene_3019-gene_3085:18.86724119779672","","","",2619690354,"Martelella endophytica YC6887 : Ga0074067_11",2619619303,"Martelella endophytica YC6887",4530,4817335,0.62,1,3,3
"2619690354_Ga0074067_11",4508,"2619690354_Ga0074067_11-gene_3758-gene_3822",65,2,3,"gene_3773-gene_3818:4.42555533945776","","gene_3758-gene_3822:17.70047623407212","","","",2619690354,"Martelella endophytica YC6887 : Ga0074067_11",2619619303,"Martelella endophytica YC6887",4530,4817335,0.62,1,3,3
"2622780072_scf7180000000004",3532,"2622780072_scf7180000000004-gene_1974-gene_2063",90,2,1,"","","gene_1974-gene_2051:26.77341672704222","gene_1975-gene_2063:14.70159808305535","","",2622780072,"Flagellimonas sp. DK169 : scf7180000000004",2622736625,"Flagellimonas sp. DK169",3561,4118402,0.38,1,2,2
"2627853750_Ga0079189_11",2988,"2627853750_Ga0079189_11-gene_1059-gene_1101",43,2,5,"gene_1059-gene_1096:2.97392605954134","","gene_1061-gene_1101:18.27415130500109","","","",2627853750,"Clostridium propionicum X2, DSM 1682 (CPRO) : Ga0079189_11",2627853505,"Clostridium propionicum X2, DSM 1682 (CPRO)",3045,3120417,0.39,1,8,8
"2627853750_Ga0079189_11",2988,"2627853750_Ga0079189_11-gene_1309-gene_1413",105,2,4,"","","gene_1309-gene_1407:14.58997368738306","gene_1360-gene_1413:2.10765151372319","","",2627853750,"Clostridium propionicum X2, DSM 1682 (CPRO) : Ga0079189_11",2627853505,"Clostridium propionicum X2, DSM 1682 (CPRO)",3045,3120417,0.39,1,8,8
"2627853750_Ga0079189_11",2988,"2627853750_Ga0079189_11-gene_2109-gene_2159",51,2,4,"","","gene_2109-gene_2159:14.43526079420352","gene_2130-gene_2145:2.16631529964848","","",2627853750,"Clostridium propionicum X2, DSM 1682 (CPRO) : Ga0079189_11",2627853505,"Clostridium propionicum X2, DSM 1682 (CPRO)",3045,3120417,0.39,1,8,8
"2627853750_Ga0079189_11",2988,"2627853750_Ga0079189_11-gene_2309-gene_2332",24,2,4,"","","gene_2309-gene_2332:8.86921935393543","","","",2627853750,"Clostridium propionicum X2, DSM 1682 (CPRO) : Ga0079189_11",2627853505,"Clostridium propionicum X2, DSM 1682 (CPRO)",3045,3120417,0.39,1,8,8
"2627853750_Ga0079189_11",2988,"2627853750_Ga0079189_11-gene_2403-gene_2446",44,2,5,"","","gene_2403-gene_2446:20.24441950926167","","","",2627853750,"Clostridium propionicum X2, DSM 1682 (CPRO) : Ga0079189_11",2627853505,"Clostridium propionicum X2, DSM 1682 (CPRO)",3045,3120417,0.39,1,8,8
"2627853750_Ga0079189_11",2988,"2627853750_Ga0079189_11-gene_2747-gene_2783",37,2,4,"","","gene_2747-gene_2783:14.00930775218705","","","",2627853750,"Clostridium propionicum X2, DSM 1682 (CPRO) : Ga0079189_11",2627853505,"Clostridium propionicum X2, DSM 1682 (CPRO)",3045,3120417,0.39,1,8,8
"2627853750_Ga0079189_11",2988,"2627853750_Ga0079189_11-gene_728-gene_784",57,2,3,"gene_728-gene_769:2.90941320854331","","gene_728-gene_784:22.15826657951638","gene_770-gene_784:4.73321067436102","","",2627853750,"Clostridium propionicum X2, DSM 1682 (CPRO) : Ga0079189_11",2627853505,"Clostridium propionicum X2, DSM 1682 (CPRO)",3045,3120417,0.39,1,8,8
"2627853750_Ga0079189_11",2988,"2627853750_Ga0079189_11-gene_829-gene_894",66,2,3,"","","gene_829-gene_894:3.18628552696437","","","",2627853750,"Clostridium propionicum X2, DSM 1682 (CPRO) : Ga0079189_11",2627853505,"Clostridium propionicum X2, DSM 1682 (CPRO)",3045,3120417,0.39,1,8,8
"2627905620_Ga0077997_11",3407,"2627905620_Ga0077997_11-gene_2472-gene_2532",61,2,4,"gene_2472-gene_2531:31.56123307892979","","gene_2472-gene_2532:33.46964993951760","","","",2627905620,"Geobacillus sp. 12AMOR1 : Ga0077997_11",2627853986,"Geobacillus sp. 12AMOR1",3535,3410035,0.52,1,1,1
"2630977684_Ga0081187_11-circular",6938,"2630977684_Ga0081187_11-circular-gene_3910-gene_4007",98,2,1,"","","gene_3910-gene_4007:2.21358066389388","","","",2630977684,"Moorea producens-heterotrophic bacteria co-culture from Jamaica Moorea producens JHB 22AUG96-1 (Final Draft of Linear Chromosome and 2 Linear Plasmid Scaffolds) : Ga0081187_11",2630968265,"Moorea producens-heterotrophic bacteria co-culture from Jamaica (Final Draft of Linear Chromosome and 2 Linear Plasmid Scaffolds)",7599,9373345,0.44,1,8,8
"2631013058_Ga0046381_11",4521,"2631013058_Ga0046381_11-gene_2102-gene_2153",52,2,4,"","","gene_2102-gene_2153:10.29695429437755","","","",2631013058,"Shewanella baltica OS678 : Ga0046381_11",2630968672,"Shewanella baltica OS678",4708,5288069,0.46,1,3,3
"2631013058_Ga0046381_11",4521,"2631013058_Ga0046381_11-gene_2879-gene_2918",40,2,9,"gene_2879-gene_2904:16.73322848886331","","gene_2879-gene_2918:19.30375084885384","","","",2631013058,"Shewanella baltica OS678 : Ga0046381_11",2630968672,"Shewanella baltica OS678",4708,5288069,0.46,1,3,3
"2631013058_Ga0046381_11",4521,"2631013058_Ga0046381_11-gene_770-gene_828",59,2,4,"gene_778-gene_828:3.29236736969155","","gene_770-gene_828:21.78035987518544","","","",2631013058,"Shewanella baltica OS678 : Ga0046381_11",2630968672,"Shewanella baltica OS678",4708,5288069,0.46,1,3,3
"2631041750_Ga0081465_101",6340,"2631041750_Ga0081465_101-gene_1388-gene_1486",99,2,3,"","","gene_1388-gene_1486:4.89928340104499","","","",2631041750,"Moorea producens-heterotrophic bacteria co-culture from Cura?ao Moorea producens 3L (One linear chromosome and 78 unmapped contigs) : Ga0081465_101",2630969006,"Moorea producens-heterotrophic bacteria co-culture from Cura?ao (One linear chromosome and 78 unmapped contigs)",6946,8171464,0.44,1,5,5
"2634525851_Ga0002050_131-circular",24,"2634525851_Ga0002050_131-circular",24,2,0,"","gene_16-gene_25:7.95870907326790","10.57576812","gene_3-gene_21:4.87284650947836","","gene_15-gene_24:2.96074773029232",2634525851,"Marinobacterium georgiense DSM 11526 : Ga0002050_131",2634166328,"Marinobacterium georgiense DSM 11526",31,16630,0.48,1,1,1
"2645768409_Ga0069294_12",3372,"2645768409_Ga0069294_12-gene_1623-gene_1688",66,2,0,"","gene_1635-gene_1688:5.66016238915444","gene_1623-gene_1688:24.84921589310803","gene_1623-gene_1687:12.45619213891034","","",2645768409,"Photobacterium gaetbulicola Gung47 : Ga0069294_12",2645727918,"Photobacterium gaetbulicola Gung47",3614,3856884,0.51,1,1,1
"2648578723_Ga0045936_12",3258,"2648578723_Ga0045936_12-gene_1323-gene_1352",30,2,1,"","","gene_1323-gene_1352:3.44728603439726","","","",2648578723,"Desulfovibrio hydrothermalis AM13, DSM 14728 : Ga0045936_12",2648501899,"Desulfovibrio hydrothermalis AM13, DSM 14728",3334,3703034,0.45,1,2,2
"2648578723_Ga0045936_12",3258,"2648578723_Ga0045936_12-gene_2016-gene_2109",94,2,3,"gene_2023-gene_2050:3.86068859908387","","gene_2016-gene_2109:27.69483533110828","gene_2051-gene_2108:6.99365125261881","","gene_2017-gene_2099:2.94237176410947",2648578723,"Desulfovibrio hydrothermalis AM13, DSM 14728 : Ga0045936_12",2648501899,"Desulfovibrio hydrothermalis AM13, DSM 14728",3334,3703034,0.45,1,2,2
"2654619631_Ga0111170_1001-circular",73,"2654619631_Ga0111170_1001-circular",73,2,3,"","","43.68614855","gene_2-gene_73:21.73276223623969","gene_6-gene_74:3.60771941582803","gene_2-gene_35:6.02867789124296",2654619631,"Acidithiobacillales bacterium SM1_46 : Ga0111170_1001",2654587931,"Acidithiobacillales bacterium SM1_46",75,54650,0.61,1,1,1
"2654619813_Ga0111171_1001-circular",72,"2654619813_Ga0111171_1001-circular",72,2,3,"","","43.02837566","gene_2-gene_72:22.32719753483753","gene_6-gene_59:3.59090953149628","gene_2-gene_30:5.42061873717830",2654619813,"Acidithiobacillales bacterium SM23_46 : Ga0111171_1001",2654587932,"Acidithiobacillales bacterium SM23_46",75,54660,0.61,1,1,1
"2654632964_Ga0111206_129-circular",62,"2654632964_Ga0111206_129-circular",62,2,2,"","","30.78418437","gene_2-gene_62:15.65159022678971","2.018721593","gene_15-gene_55:8.28377001902608",2654632964,"Coxiella sp. DG_40 : Ga0111206_129",2654588076,"Coxiella sp. DG_40",65,35501,0.34,1,1,1
"2667541935_Ga0102658_12",3391,"2667541935_Ga0102658_12-gene_1305-gene_1353",49,2,4,"gene_1311-gene_1351:3.08539119632588","","gene_1305-gene_1353:13.19401374391448","","","",2667541935,"Pseudoalteromonas sp. Bsw20308 : Ga0102658_12",2667527504,"Pseudoalteromonas sp. Bsw20308",3509,3924123,0.39,1,1,1
"2667542034_Ga0114080_11",4695,"2667542034_Ga0114080_11-gene_2641-gene_2706",66,2,7,"gene_2641-gene_2705:9.64290818188766","","gene_2641-gene_2706:34.59246231742802","","","",2667542034,"Marinobacter similis A3d10 : Ga0114080_11",2667527567,"Marinobacter similis A3d10",4697,3975896,0.58,1,2,2
"2667542047_Ga0105927_11",3982,"2667542047_Ga0105927_11-gene_2041-gene_2135",95,2,3,"","","gene_2050-gene_2135:28.96881482614909","gene_2041-gene_2134:6.22601300602426","","",2667542047,"Rhodovulum sulfidophilum DSM 1374 null replaces 45913 : Ga0105927_11",2667527571,"Rhodovulum sulfidophilum DSM 1374",3930,4130470,0.67,1,5,5
"2667542047_Ga0105927_11",3982,"2667542047_Ga0105927_11-gene_2614-gene_2700",87,2,1,"","","gene_2614-gene_2700:21.38473921193589","gene_2615-gene_2694:7.07285336921992","","",2667542047,"Rhodovulum sulfidophilum DSM 1374 null replaces 45913 : Ga0105927_11",2667527571,"Rhodovulum sulfidophilum DSM 1374",3930,4130470,0.67,1,5,5
"2667542047_Ga0105927_11",3982,"2667542047_Ga0105927_11-gene_3574-gene_3693",120,2,1,"","","gene_3574-gene_3673:43.17887540850076","gene_3596-gene_3693:18.36973730545138","","",2667542047,"Rhodovulum sulfidophilum DSM 1374 null replaces 45913 : Ga0105927_11",2667527571,"Rhodovulum sulfidophilum DSM 1374",3930,4130470,0.67,1,5,5
"2675939236_Ga0104442_125-circular",100,"2675939236_Ga0104442_125-circular",100,2,4,"","","51.577076","gene_2-gene_96:23.56507075827526","","gene_38-gene_99:8.33033391888241",2675939236,"Streptomyces indicus CGMCC 4.5727 : Ga0104442_125",2675903130,"Streptomyces indicus CGMCC 4.5727",92,62152,0.69,1,1,1
"2687454401_Ga0133388_11",3994,"2687454401_Ga0133388_11-gene_2032-gene_2128",97,2,3,"","","gene_2041-gene_2128:30.17128746807321","gene_2032-gene_2127:5.13575087885587","","",2687454401,"Rhodovulum sulfidophilum DSM 1374 : Ga0133388_11",2687453592,"Rhodovulum sulfidophilum DSM 1374",3940,4132586,0.67,1,5,5
"2687454401_Ga0133388_11",3994,"2687454401_Ga0133388_11-gene_2609-gene_2695",87,2,1,"","","gene_2609-gene_2695:20.32898237854309","gene_2610-gene_2689:4.97507605438919","","",2687454401,"Rhodovulum sulfidophilum DSM 1374 : Ga0133388_11",2687453592,"Rhodovulum sulfidophilum DSM 1374",3940,4132586,0.67,1,5,5
"2687454401_Ga0133388_11",3994,"2687454401_Ga0133388_11-gene_3574-gene_3699",126,2,1,"","","gene_3574-gene_3673:43.17755066579009","gene_3600-gene_3699:15.80655972264803","","",2687454401,"Rhodovulum sulfidophilum DSM 1374 : Ga0133388_11",2687453592,"Rhodovulum sulfidophilum DSM 1374",3940,4132586,0.67,1,5,5
"2690318780_Ga0045920_11",3514,"2690318780_Ga0045920_11-gene_1827-gene_1921",95,2,4,"gene_1835-gene_1908:3.75240677843532","","gene_1827-gene_1905:27.38174830025476","gene_1827-gene_1921:2.50708987605145","gene_1836-gene_1897:4.00019331275979","gene_1827-gene_1907:5.34274396556903",2690318780,"Clostridium botulinum B Eklund 17B : Ga0045920_11",2690315688,"Clostridium botulinum B Eklund 17B",3570,3781509,0.27,1,6,6
"2690318780_Ga0045920_11",3514,"2690318780_Ga0045920_11-gene_2318-gene_2341",24,2,2,"","","gene_2318-gene_2341:5.71091961804919","gene_2318-gene_2341:3.22550429955492","","",2690318780,"Clostridium botulinum B Eklund 17B : Ga0045920_11",2690315688,"Clostridium botulinum B Eklund 17B",3570,3781509,0.27,1,6,6
"2690318780_Ga0045920_11",3514,"2690318780_Ga0045920_11-gene_2646-gene_2739",94,2,4,"gene_2657-gene_2739:61.26229477896526","","gene_2646-gene_2739:40.95702139716214","","gene_2651-gene_2736:7.67695878522702","",2690318780,"Clostridium botulinum B Eklund 17B : Ga0045920_11",2690315688,"Clostridium botulinum B Eklund 17B",3570,3781509,0.27,1,6,6
"2690318780_Ga0045920_11",3514,"2690318780_Ga0045920_11-gene_868-gene_923",56,2,6,"gene_868-gene_922:11.78637105006163","","gene_872-gene_923:29.72221805300930","","","",2690318780,"Clostridium botulinum B Eklund 17B : Ga0045920_11",2690315688,"Clostridium botulinum B Eklund 17B",3570,3781509,0.27,1,6,6
"2718227896_Ga0175494_11",2817,"2718227896_Ga0175494_11-gene_2146-gene_2191",46,2,0,"gene_2148-gene_2166:4.05119349636231","","gene_2146-gene_2191:23.51594758073384","gene_2167-gene_2191:7.89604725210450","","gene_2171-gene_2188:5.28394151393449",2718227896,"Wenyingzhuangia fucanilytica CZ1127 : Ga0175494_11",2718217755,"Wenyingzhuangia fucanilytica CZ1127",2872,3427057,0.32,1,1,1
"2718228072_Ga0174827_11",2367,"2718228072_Ga0174827_11-gene_1031-gene_1050",20,2,4,"","","gene_1031-gene_1050:3.42233421987515","","","",2718228072,"Sphingopyxis sp. LPB0140 : Ga0174827_11",2718217855,"Sphingopyxis sp. LPB0140",2419,2533041,0.46,1,2,2
"2718228132_Ga0175156_11",5492,"2718228132_Ga0175156_11-gene_1886-gene_2025",140,2,4,"","","gene_1886-gene_1978:2.67419298020807;gene_1990-gene_2025:14.73324958833450","gene_1968-gene_2024:5.44223156831717","","",2718228132,"Labrenzia sp. CP4 : Ga0175156_11",2718217880,"Labrenzia sp. CP4",5505,5952682,0.59,1,2,2
"2718228555_Ga0175862_11",3396,"2718228555_Ga0175862_11-gene_1409-gene_1459",51,2,3,"","","gene_1409-gene_1459:6.95309017525374","","","",2718228555,"Rhodobacter sp. LPB0142 : Ga0175862_11",2718218090,"Rhodobacter sp. LPB0142",3433,3462926,0.67,1,4,4
"2718228555_Ga0175862_11",3396,"2718228555_Ga0175862_11-gene_3168-gene_3266",99,2,2,"","","gene_3168-gene_3266:7.07001975192543","","","",2718228555,"Rhodobacter sp. LPB0142 : Ga0175862_11",2718218090,"Rhodobacter sp. LPB0142",3433,3462926,0.67,1,4,4
"2718228555_Ga0175862_11",3396,"2718228555_Ga0175862_11-gene_3274-gene_3361",88,2,4,"","","gene_3274-gene_3361:16.96037227952707","gene_3313-gene_3358:2.79958639571996","","",2718228555,"Rhodobacter sp. LPB0142 : Ga0175862_11",2718218090,"Rhodobacter sp. LPB0142",3433,3462926,0.67,1,4,4
"2718228560_Ga0175864_11",2708,"2718228560_Ga0175864_11-gene_679-gene_734",56,2,4,"gene_679-gene_729:7.05624390765360","","gene_681-gene_734:15.03861554923376","","","",2718228560,"Psychrobacter sp. AntiMn-1 : Ga0175864_11",2718218092,"Psychrobacter sp. AntiMn-1",2768,3138120,0.44,1,1,1
"2718229246_Ga0175211_11",2700,"2718229246_Ga0175211_11-gene_1632-gene_1696",65,2,4,"gene_1633-gene_1693:22.47474921879890","","gene_1632-gene_1696:36.25428284355021","","","",2718229246,"Staphylococcus sp. AntiMn-1 : Ga0175211_11",2718218446,"Staphylococcus sp. AntiMn-1",2806,2721344,0.33,1,2,2
"2718229246_Ga0175211_11",2700,"2718229246_Ga0175211_11-gene_2496-gene_2531",36,2,0,"gene_2509-gene_2531:2.41541051454709","","gene_2496-gene_2531:11.91814260915133","","","",2718229246,"Staphylococcus sp. AntiMn-1 : Ga0175211_11",2718218446,"Staphylococcus sp. AntiMn-1",2806,2721344,0.33,1,2,2
"2721800935_Ga0175699_12",4233,"2721800935_Ga0175699_12-gene_1067-gene_1088",22,2,2,"","","gene_1067-gene_1088:5.79654876997542","","","",2721800935,"Bacillus sp. Alg07 : Ga0175699_12",2721755502,"Bacillus weihaiensis Alg07",4318,4344873,0.36,1,5,5
"2721800935_Ga0175699_12",4233,"2721800935_Ga0175699_12-gene_2062-gene_2159",98,2,4,"","","gene_2062-gene_2159:10.02684727989647","gene_2062-gene_2143:4.47376951396839","","",2721800935,"Bacillus sp. Alg07 : Ga0175699_12",2721755502,"Bacillus weihaiensis Alg07",4318,4344873,0.36,1,5,5
"2724812406_K01M1_chromosome1",3086,"2724812406_K01M1_chromosome1-gene_1233-gene_1277",45,2,4,"gene_1244-gene_1276:5.40646465990466","","gene_1233-gene_1277:14.66101082509955","","","",2724812406,"Vibrio alginolyticus K01M1 (K01M1) : K01M1_chromosome1",2724679807,"Vibrio alginolyticus K01M1 (K01M1)",3215,3468303,0.44,1,3,3
"2724812408_K04M1_chromosome1",3098,"2724812408_K04M1_chromosome1-gene_1240-gene_1284",45,2,4,"gene_1251-gene_1283:5.40474920876614","","gene_1240-gene_1284:14.65929537396103","","","",2724812408,"Vibrio alginolyticus K04M1 (K04M1) : K04M1_chromosome1",2724679808,"Vibrio alginolyticus K04M1 (K04M1)",3225,3473127,0.44,1,3,3
"2724812413_K04M3_chromosome1",3104,"2724812413_K04M3_chromosome1-gene_1209-gene_1253",45,2,4,"gene_1220-gene_1252:5.40389401751789","","gene_1209-gene_1253:14.65844018271278","","","",2724812413,"Vibrio alginolyticus K04M3 (K04M3) : K04M3_chromosome1",2724679809,"Vibrio alginolyticus K04M3 (K04M3)",3229,3476174,0.44,1,3,3
"2724812416_K04M5_chromosome1",3080,"2724812416_K04M5_chromosome1-gene_1207-gene_1251",45,2,4,"gene_1218-gene_1250:5.40732493317751","","gene_1207-gene_1251:14.66187109837240","","","",2724812416,"Vibrio alginolyticus K04M5 (Vibrio alginolyticus K04M5) : K04M5_chromosome1",2724679810,"Vibrio alginolyticus K04M5 (Vibrio alginolyticus K04M5)",3220,3470916,0.44,1,3,3
"2724812419_K05K4_chromosome1",3105,"2724812419_K05K4_chromosome1-gene_1231-gene_1275",45,2,4,"gene_1242-gene_1274:5.40375164922227","","gene_1231-gene_1275:14.65829781441716","","","",2724812419,"Vibrio alginolyticus K05K4 (K05K4) : K05K4_chromosome1",2724679811,"Vibrio alginolyticus K05K4 (K05K4)",3230,3473579,0.45,1,4,4
"2724812419_K05K4_chromosome1",3105,"2724812419_K05K4_chromosome1-gene_1557-gene_1573",17,2,2,"gene_1560-gene_1573:5.78625554000044","gene_1557-gene_1569:19.50991247942900","gene_1557-gene_1573:6.07085686638446","","","",2724812419,"Vibrio alginolyticus K05K4 (K05K4) : K05K4_chromosome1",2724679811,"Vibrio alginolyticus K05K4 (K05K4)",3230,3473579,0.45,1,4,4
"2724812723_K06K5_chromosome1",3091,"2724812723_K06K5_chromosome1-gene_1241-gene_1285",45,2,4,"gene_1252-gene_1284:5.40574906494641","","gene_1241-gene_1285:14.66029523014130","","","",2724812723,"Vibrio alginolyticus K06K5 (K06K5) : K06K5_chromosome1",2724679823,"Vibrio alginolyticus K06K5 (K06K5)",3222,3471297,0.45,1,3,3
"2724812731_K09K1_contig000002",3096,"2724812731_K09K1_contig000002-gene_1-gene_22",22,2,3,"gene_2-gene_19:7.64321027303726","gene_2-gene_22:39.68457244991738","gene_1-gene_22:9.45871058970634","","","",2724812731,"Vibrio alginolyticus K09K1 (K09K1) : K09K1_contig000002",2724679826,"Vibrio alginolyticus K09K1 (K09K1)",3223,3465619,0.45,1,5,5
"2724812731_K09K1_contig000002",3096,"2724812731_K09K1_contig000002-gene_302-gene_346",45,2,4,"gene_303-gene_335:5.40503464714770","","gene_302-gene_346:14.65958081234259","","","",2724812731,"Vibrio alginolyticus K09K1 (K09K1) : K09K1_contig000002",2724679826,"Vibrio alginolyticus K09K1 (K09K1)",3223,3465619,0.45,1,5,5
"2724812732_K10K4_chromosome1",3114,"2724812732_K10K4_chromosome1-gene_1209-gene_1253",45,2,4,"gene_1220-gene_1252:5.40247243038309","","gene_1209-gene_1253:14.65701859557799","","","",2724812732,"Vibrio alginolyticus K10K4 (K10K4) : K10K4_chromosome1",2724679827,"Vibrio alginolyticus K10K4 (K10K4)",3240,3494647,0.45,1,4,4
"2724812732_K10K4_chromosome1",3114,"2724812732_K10K4_chromosome1-gene_1532-gene_1548",17,2,2,"gene_1535-gene_1547:6.88312323360424","gene_1532-gene_1543:20.02019851479121","gene_1532-gene_1548:6.06957764754528","","","",2724812732,"Vibrio alginolyticus K10K4 (K10K4) : K10K4_chromosome1",2724679827,"Vibrio alginolyticus K10K4 (K10K4)",3240,3494647,0.45,1,4,4
"2724812734_K08M3_chromosome1",3087,"2724812734_K08M3_chromosome1-gene_1230-gene_1274",45,2,4,"gene_1241-gene_1273:5.40632144655401","","gene_1230-gene_1274:14.66086761174890","","","",2724812734,"Vibrio alginolyticus K08M3 (K08M3) : K08M3_chromosome1",2724679828,"Vibrio alginolyticus K08M3 (K08M3)",3222,3468139,0.44,1,3,3
"2728434717_Ga0175483_11",5078,"2728434717_Ga0175483_11-gene_2299-gene_2331",33,2,1,"","","gene_2299-gene_2331:2.02351682891820","","","",2728434717,"Mesorhizobium sp. B7 : Ga0175483_11",2728369379,"Mesorhizobium sp. B7",5099,5158483,0.65,1,5,5
"2728434717_Ga0175483_11",5078,"2728434717_Ga0175483_11-gene_3929-gene_4004",76,2,3,"gene_3947-gene_3973:4.02244804844735","","gene_3929-gene_4004:29.47321126962793","gene_3933-gene_4004:2.85177775895929","","",2728434717,"Mesorhizobium sp. B7 : Ga0175483_11",2728369379,"Mesorhizobium sp. B7",5099,5158483,0.65,1,5,5
"2728434717_Ga0175483_11",5078,"2728434717_Ga0175483_11-gene_4890-gene_4960",71,2,3,"","","gene_4890-gene_4960:11.63482444827139","","","",2728434717,"Mesorhizobium sp. B7 : Ga0175483_11",2728369379,"Mesorhizobium sp. B7",5099,5158483,0.65,1,5,5
"637000159_NC_003911",3974,"637000159_NC_003911-gene_1040-gene_1075",36,2,2,"","","gene_1040-gene_1075:11.74744638198236","gene_1040-gene_1075:6.71885708717979","","",637000159,"Silicibacter pomeroyi DSS-3: NC_003911",637000267,"Ruegeria pomeroyi DSS-3",3908,4109442,0.64,NA,1,1
"637000284_NC_006138",3084,"637000284_NC_006138-gene_1537-gene_1593",57,2,2,"","","gene_1544-gene_1593:12.63648153228464","gene_1537-gene_1592:3.68281796825486","","",637000284,"Desulfotalea psychrophila LSv54: NC_006138",637000094,"Desulfotalea psychrophila LSv54",3214,3523383,0.47,NA,2,2
"637000284_NC_006138",3084,"637000284_NC_006138-gene_1986-gene_2086",101,2,4,"","","gene_1986-gene_2079:24.34632961958971","gene_1991-gene_2086:8.55279055301285","","",637000284,"Desulfotalea psychrophila LSv54: NC_006138",637000094,"Desulfotalea psychrophila LSv54",3214,3523383,0.47,NA,2,2
"637000312_NC_006370",3552,"637000312_NC_006370-gene_1312-gene_1372",61,2,3,"","","gene_1312-gene_1372:9.36525843312893","gene_1315-gene_1346:2.56093663694778","","",637000312,"Photobacterium profundum SS9 chromosome 1: NC_006370",637000206,"Photobacterium profundum SS9",3642,4085304,0.42,NA,1,1
"637000323_NC_006510",3531,"637000323_NC_006510-gene_498-gene_574",77,2,5,"gene_520-gene_571:10.66615731692014","","gene_498-gene_574:38.21601821018616","gene_505-gene_541:5.22743791324729","","gene_504-gene_539:6.40651584043703",637000323,"Geobacillus kaustophilus HTA426: NC_006510",637000118,"Geobacillus kaustophilus HTA426",3672,3544776,0.52,NA,1,1
"637000417_NC_007481",2868,"637000417_NC_007481-gene_1433-gene_1478",46,2,1,"","","gene_1433-gene_1478:23.50800437255162","gene_1433-gene_1472:6.96929303319872","","",637000417,"Pseudoalteromonas haloplanktis TAC125 chromosome I: NC_007481",637000217,"Pseudoalteromonas haloplanktis TAC125",3088,3214944,0.4,NA,1,1
"637000441_NC_007516",2824,"637000441_NC_007516-gene_1761-gene_1851",91,2,2,"","","gene_1761-gene_1851:37.66361531170106","gene_1761-gene_1851:33.45938458458117","","",637000441,"Synechococcus sp. CC9605: NC_007516",637000310,"Synechococcus sp. CC9605",2761,2510659,0.59,NA,10,10
"637000441_NC_007516",2824,"637000441_NC_007516-gene_539-gene_587",49,2,1,"","","gene_539-gene_587:10.96587781307115","gene_539-gene_587:8.85277128286561","","gene_543-gene_569:8.95407805274870",637000441,"Synechococcus sp. CC9605: NC_007516",637000310,"Synechococcus sp. CC9605",2761,2510659,0.59,NA,10,10
"637000467_NC_007645",6442,"637000467_NC_007645-gene_2579-gene_2678",100,2,2,"","","gene_2579-gene_2678:26.31529393990087","gene_2579-gene_2678:11.51534613053596","","",637000467,"Hahella chejuensis KCTC 2396: NC_007645",637000128,"Hahella chejuensis KCTC 2396",6875,7215267,0.54,NA,10,10
"637000467_NC_007645",6442,"637000467_NC_007645-gene_329-gene_378",50,2,4,"gene_336-gene_370:3.42924086454737","","gene_329-gene_378:9.03758139898053","","","",637000467,"Hahella chejuensis KCTC 2396: NC_007645",637000128,"Hahella chejuensis KCTC 2396",6875,7215267,0.54,NA,10,10
"637000467_NC_007645",6442,"637000467_NC_007645-gene_4099-gene_4144",46,2,4,"","","gene_4099-gene_4144:7.86307196388537","","","",637000467,"Hahella chejuensis KCTC 2396: NC_007645",637000128,"Hahella chejuensis KCTC 2396",6875,7215267,0.54,NA,10,10
"637000467_NC_007645",6442,"637000467_NC_007645-gene_5070-gene_5165",96,2,0,"gene_5108-gene_5119:2.02236153172169","","gene_5070-gene_5165:22.98039523948546","gene_5070-gene_5165:4.91107620545362","","",637000467,"Hahella chejuensis KCTC 2396: NC_007645",637000128,"Hahella chejuensis KCTC 2396",6875,7215267,0.54,NA,10,10
"637000467_NC_007645",6442,"637000467_NC_007645-gene_6132-gene_6174",43,2,4,"gene_6146-gene_6171:4.30082669312598","","gene_6132-gene_6174:11.80595831478078","","","",637000467,"Hahella chejuensis KCTC 2396: NC_007645",637000128,"Hahella chejuensis KCTC 2396",6875,7215267,0.54,NA,10,10
"637000580_NC_008228",4367,"637000580_NC_008228-gene_681-gene_739",59,2,4,"","","gene_681-gene_739:11.08657479504749","","","",637000580,"Pseudoalteromonas atlantica T6c: NC_008228",637000216,"Pseudoalteromonas atlantica T6c",4405,5187005,0.45,NA,1,1
"637000611_NC_008322",4119,"637000611_NC_008322-gene_717-gene_769",53,2,4,"gene_739-gene_767:4.50036106246512","","gene_717-gene_769:11.97153230805188","","","",637000611,"Shewanella sp. MR-7: NC_008322",637000260,"Shewanella sp. MR-7",4164,4792610,0.48,NA,2,2
"637000620_NC_008358",3523,"637000620_NC_008358-gene_2448-gene_2531",84,2,1,"","","gene_2448-gene_2531:6.05949978374202","","","",637000620,"Hyphomonas neptunium ATCC 15444: NC_008358",637000135,"Hyphomonas neptunium ATCC 15444",3577,3705021,0.62,NA,1,1
"639633066_NC_008571",3376,"639633066_NC_008571-gene_2228-gene_2314",87,2,3,"","","gene_2234-gene_2314:35.80617030152330","gene_2228-gene_2312:13.57920989803061","gene_2253-gene_2310:3.40507553802599","gene_2234-gene_2310:3.77887996090092",639633066,"Gramella forsetii KT0803: NC_008571",639633025,"Gramella forsetii KT0803",3642,3798465,0.37,NA,3,3
"639633068_NC_008576",3948,"639633068_NC_008576-gene_1292-gene_1425",134,2,2,"","","gene_1331-gene_1425:20.63004349575209;gene_1292-gene_1316:2.65079716145977","gene_1307-gene_1406:2.64187126668450","","",639633068,"Magnetococcus sp. MC-1: NC_008576",639633036,"Magnetococcus marinus MC-1",3823,4719581,0.54,NA,7,7
"639633068_NC_008576",3948,"639633068_NC_008576-gene_1761-gene_1772",12,2,1,"","","gene_1761-gene_1772:2.57833240144639","","","",639633068,"Magnetococcus sp. MC-1: NC_008576",639633036,"Magnetococcus marinus MC-1",3823,4719581,0.54,NA,7,7
"639633068_NC_008576",3948,"639633068_NC_008576-gene_1792-gene_1805",14,2,1,"","","gene_1792-gene_1805:3.93296069160498","","","",639633068,"Magnetococcus sp. MC-1: NC_008576",639633036,"Magnetococcus marinus MC-1",3823,4719581,0.54,NA,7,7
"639633068_NC_008576",3948,"639633068_NC_008576-gene_2092-gene_2188",97,2,1,"","","gene_2092-gene_2188:17.85409210516056","gene_2092-gene_2188:3.74662297650438","","",639633068,"Magnetococcus sp. MC-1: NC_008576",639633036,"Magnetococcus marinus MC-1",3823,4719581,0.54,NA,7,7
"639633068_NC_008576",3948,"639633068_NC_008576-gene_2665-gene_2747",83,2,1,"","","gene_2665-gene_2747:13.38226328280765","","","",639633068,"Magnetococcus sp. MC-1: NC_008576",639633036,"Magnetococcus marinus MC-1",3823,4719581,0.54,NA,7,7
"639633068_NC_008576",3948,"639633068_NC_008576-gene_2853-gene_3064",212,2,3,"","","gene_2965-gene_3064:18.48684780675800;gene_2853-gene_2950:23.28281351830446","gene_2876-gene_2975:4.89707383540677","","",639633068,"Magnetococcus sp. MC-1: NC_008576",639633036,"Magnetococcus marinus MC-1",3823,4719581,0.54,NA,7,7
"639633107_NC_008750",4157,"639633107_NC_008750-gene_2480-gene_2560",81,2,4,"gene_2482-gene_2560:11.59805883821660","","gene_2480-gene_2560:37.32094299867212","","","",639633107,"Shewanella sp. W3-18-1: NC_008750",639633059,"Shewanella sp. W3-18-1",4237,4708380,0.45,NA,2,2
"639633107_NC_008750",4157,"639633107_NC_008750-gene_2904-gene_2975",72,2,4,"gene_2907-gene_2942:4.31679469003649","","gene_2904-gene_2975:11.32707273600192","","","",639633107,"Shewanella sp. W3-18-1: NC_008750",639633059,"Shewanella sp. W3-18-1",4237,4708380,0.45,NA,2,2
"640069332_NC_009052",4492,"640069332_NC_009052-gene_1283-gene_1342",60,2,4,"gene_1299-gene_1342:4.01957071266530","","gene_1283-gene_1342:12.64539820324850","","","gene_1303-gene_1316:4.51882587369738",640069332,"Shewanella baltica OS155: NC_009052",640069330,"Shewanella baltica OS155",4541,5127376,0.46,NA,3,3
"640069332_NC_009052",4492,"640069332_NC_009052-gene_2229-gene_2260",32,2,1,"","","gene_2229-gene_2260:4.40925304041611","","","",640069332,"Shewanella baltica OS155: NC_009052",640069330,"Shewanella baltica OS155",4541,5127376,0.46,NA,3,3
"640069332_NC_009052",4492,"640069332_NC_009052-gene_3681-gene_3735",55,2,4,"gene_3681-gene_3715:3.58741847411782","","gene_3681-gene_3735:20.72088985577249","","","",640069332,"Shewanella baltica OS155: NC_009052",640069330,"Shewanella baltica OS155",4541,5127376,0.46,NA,3,3
"640753033_NC_009665",4461,"640753033_NC_009665-gene_2114-gene_2167",54,2,4,"","","gene_2114-gene_2167:12.50543396946937","","","",640753033,"Shewanella baltica OS185: NC_009665",640753049,"Shewanella baltica OS185",4543,5229686,0.46,NA,2,2
"640753033_NC_009665",4461,"640753033_NC_009665-gene_734-gene_792",59,2,4,"gene_758-gene_788:2.77642722640010","","gene_734-gene_792:17.78842346095434","","","",640753033,"Shewanella baltica OS185: NC_009665",640753049,"Shewanella baltica OS185",4543,5229686,0.46,NA,2,2
"640753071_NC_009783",3387,"640753071_NC_009783-gene_1750-gene_1832",83,2,7,"gene_1758-gene_1812:6.83517000477541","","gene_1750-gene_1832:16.22966529417307","","","",640753071,"Vibrio harveyi ATCC BAA-1116 chromosome I: NC_009783",640753058,"Vibrio harveyi BB120, ATCC BAA-1116",3721,3765351,0.46,NA,2,2
"640753071_NC_009783",3387,"640753071_NC_009783-gene_2103-gene_2124",22,2,0,"gene_2103-gene_2124:3.84954641581777","gene_2103-gene_2117:18.62705753988284","gene_2103-gene_2124:4.48963161564488","","","",640753071,"Vibrio harveyi ATCC BAA-1116 chromosome I: NC_009783",640753058,"Vibrio harveyi BB120, ATCC BAA-1116",3721,3765351,0.46,NA,2,2
"641228507_NC_009997",4587,"641228507_NC_009997-gene_2143-gene_2194",52,2,4,"","","gene_2143-gene_2194:10.29058452779070","","","",641228507,"Shewanella baltica OS195: NC_009997",641228507,"Shewanella baltica OS195",4665,5347283,0.46,NA,5,5
"641228507_NC_009997",4587,"641228507_NC_009997-gene_2253-gene_2350",98,2,0,"","gene_2329-gene_2347:3.15884285019594","gene_2253-gene_2350:5.25603253835162","","","",641228507,"Shewanella baltica OS195: NC_009997",641228507,"Shewanella baltica OS195",4665,5347283,0.46,NA,5,5
"641228507_NC_009997",4587,"641228507_NC_009997-gene_2263-gene_2355",93,2,0,"","gene_2329-gene_2347:3.14898265446888","gene_2263-gene_2355:5.09939124728222","","","",641228507,"Shewanella baltica OS195: NC_009997",641228507,"Shewanella baltica OS195",4665,5347283,0.46,NA,5,5
"641228507_NC_009997",4587,"641228507_NC_009997-gene_2938-gene_2986",49,2,9,"gene_2938-gene_2966:15.62714237314705","","gene_2938-gene_2986:16.96249264813056","","","",641228507,"Shewanella baltica OS195: NC_009997",641228507,"Shewanella baltica OS195",4665,5347283,0.46,NA,5,5
"641228507_NC_009997",4587,"641228507_NC_009997-gene_771-gene_828",58,2,4,"gene_792-gene_828:3.03718464565940","","gene_771-gene_828:21.15122399383157","","","",641228507,"Shewanella baltica OS195: NC_009997",641228507,"Shewanella baltica OS195",4665,5347283,0.46,NA,5,5
"641381032_NZ_ABGR01000017-circular",40,"641381032_NZ_ABGR01000017-circular-gene_2-gene_32",31,2,1,"","","gene_2-gene_32:3.98673383247073","","","",641381032,"Vibrio campbellii AND4, unfinished sequence: NZ_ABGR01000017",641380451,"Vibrio campbellii AND4",41,44033,0.43,NA,1,1
"641522617_NC_010334",4381,"641522617_NC_010334-gene_1305-gene_1365",61,2,4,"gene_1313-gene_1361:4.60244862976201","","gene_1305-gene_1365:14.28624050391956","","","",641522617,"Shewanella halifaxensis HAW-EB4: NC_010334",641522648,"Shewanella halifaxensis HAW-EB4",4462,5226917,0.45,NA,1,1
"641522729_NC_010674",3507,"641522729_NC_010674-gene_1816-gene_1896",81,2,4,"gene_1824-gene_1896:3.91961355632193","","gene_1816-gene_1893:26.77654972635946","gene_1816-gene_1890:2.37172301427560","gene_1825-gene_1886:4.00107283320312","gene_1816-gene_1895:4.75788338561852",641522729,"Clostridium botulinum B str. Eklund 17B: NC_010674",641522618,"Clostridium botulinum B Eklund 17B",3585,3800327,0.28,NA,6,6
"641522729_NC_010674",3507,"641522729_NC_010674-gene_2305-gene_2328",24,2,2,"","","gene_2305-gene_2328:5.71179913849251","gene_2305-gene_2328:3.22638381999824","","",641522729,"Clostridium botulinum B str. Eklund 17B: NC_010674",641522618,"Clostridium botulinum B Eklund 17B",3585,3800327,0.28,NA,6,6
"641522729_NC_010674",3507,"641522729_NC_010674-gene_862-gene_917",56,2,6,"gene_862-gene_916:11.78725057050495","","gene_866-gene_917:29.72309757345262","","","",641522729,"Clostridium botulinum B str. Eklund 17B: NC_010674",641522618,"Clostridium botulinum B Eklund 17B",3585,3800327,0.28,NA,6,6
"642555224_NC_011138",3936,"642555224_NC_011138-gene_754-gene_825",72,2,3,"","","gene_754-gene_825:36.71356928870506","gene_754-gene_812:17.84351098041192","","gene_763-gene_797:22.76887261758065",642555224,"Alteromonas macleodii 'Deep ecotype': NC_011138",642555105,"Alteromonas mediterranea DE",4128,4412282,0.45,NA,2,2
"643348595_NC_011663",4365,"643348595_NC_011663-gene_2594-gene_2664",71,2,4,"gene_2594-gene_2657:9.00648842975023","","gene_2594-gene_2664:25.06415896280193","","","",643348595,"Shewanella baltica OS223: NC_011663",643348574,"Shewanella baltica OS223",4425,5145902,0.46,NA,2,2
"643348595_NC_011663",4365,"643348595_NC_011663-gene_757-gene_814",58,2,4,"gene_782-gene_810:3.39721379560978","","gene_757-gene_814:19.79107988364064","","","",643348595,"Shewanella baltica OS223: NC_011663",643348574,"Shewanella baltica OS223",4425,5145902,0.46,NA,2,2
"643348691_NC_011963",3075,"643348691_NC_011963-gene_2988-gene_3036",49,2,1,"","","gene_2988-gene_3036:10.92820685686232","","","",643348691,"Rhodobacter sphaeroides KD131 chromosome 1: NC_011963",643348570,"Rhodobacter sphaeroides KD131",3143,3152792,0.69,NA,2,2
"643348691_NC_011963",3075,"643348691_NC_011963-gene_323-gene_394",72,2,1,"","","gene_323-gene_394:12.37577999828711","","","",643348691,"Rhodobacter sphaeroides KD131 chromosome 1: NC_011963",643348570,"Rhodobacter sphaeroides KD131",3143,3152792,0.69,NA,2,2
"643692052_NC_012490",6135,"643692052_NC_012490-gene_2276-gene_2334",59,2,4,"gene_2278-gene_2334:6.07906231793077","","gene_2276-gene_2334:29.83164796520787","","","",643692052,"Rhodococcus erythropolis PR4: NC_012490",643692033,"Rhodococcus erythropolis PR4",6102,6516310,0.62,NA,4,4
"643692052_NC_012490",6135,"643692052_NC_012490-gene_2510-gene_2597",88,2,2,"","","gene_2510-gene_2597:34.01585868507219","gene_2513-gene_2596:16.50054535217280","","gene_2514-gene_2539:5.14942156458038",643692052,"Rhodococcus erythropolis PR4: NC_012490",643692033,"Rhodococcus erythropolis PR4",6102,6516310,0.62,NA,4,4
"644736375_NC_012850",4601,"644736375_NC_012850-gene_823-gene_861",39,2,1,"","","gene_823-gene_861:5.20562477281377","gene_827-gene_861:2.20916202991263","","",644736375,"Rhizobium leguminosarum bv. trifolii WSM1325: NC_012850",644736401,"Rhizobium leguminosarum bv. trifolii WSM1325",4700,4767043,0.61,NA,1,1
"646311903_NC_013222",3087,"646311903_NC_013222-gene_2691-gene_2741",51,2,1,"","","gene_2695-gene_2741:24.14348333994857","gene_2691-gene_2741:6.99522421050045","","",646311903,"Robiginitalea biformata HTCC2501: NC_013222",646311950,"Robiginitalea biformata HTCC2501",3255,3530383,0.55,NA,3,3
"646311943_NC_013440",7011,"646311943_NC_013440-gene_1014-gene_1103",90,2,1,"","","gene_1019-gene_1103:15.06999887740710","gene_1014-gene_1103:8.39978579502020","","",646311943,"Haliangium ochraceum DSM 14365: NC_013440",646311933,"Haliangium ochraceum SMP-2, DSM 14365",6952,9446314,0.69,NA,10,10
"646311943_NC_013440",7011,"646311943_NC_013440-gene_593-gene_803",211,2,2,"","","gene_593-gene_692:20.11749472437689;gene_704-gene_803:22.08306285874381","gene_613-gene_708:11.94803659362662;gene_714-gene_803:12.31492658584887","","",646311943,"Haliangium ochraceum DSM 14365: NC_013440",646311933,"Haliangium ochraceum SMP-2, DSM 14365",6952,9446314,0.69,NA,10,10
"646311952_NC_013456",2888,"646311952_NC_013456-gene_1805-gene_1819",15,2,0,"gene_1805-gene_1819:3.45307268979602","gene_1808-gene_1819:10.16232427276541","gene_1805-gene_1819:2.98972329965491","","","",646311952,"Vibrio sp. Ex25 chromosome 1: NC_013456",646311966,"Vibrio antiquarius Ex25",3057,3259580,0.45,NA,2,2
"646564576_NC_013960",3900,"646564576_NC_013960-gene_932-gene_1037",106,2,4,"gene_939-gene_1037:4.65781536362468","","gene_932-gene_1031:25.45245455010772","","","",646564576,"Nitrosococcus halophilus Nc4 chromosome: NC_013960",646564556,"Nitrosococcus halophilus Nc4",4014,4079427,0.52,NA,1,1
"646564595_NC_014010",2596,"646564595_NC_014010-gene_2295-gene_2316",22,2,2,"","","gene_2295-gene_2316:4.60729138308742","","","",646564595,"Alpha proteobacterium IMCC1322 chromosome: NC_014010",646564516,"Candidatus Puniceispirillum marinum IMCC1322",2582,2753527,0.49,NA,3,3
"646564595_NC_014010",2596,"646564595_NC_014010-gene_370-gene_416",47,2,5,"gene_379-gene_416:4.92893254129622","","gene_370-gene_413:15.51310164839459","","","",646564595,"Alpha proteobacterium IMCC1322 chromosome: NC_014010",646564516,"Candidatus Puniceispirillum marinum IMCC1322",2582,2753527,0.49,NA,3,3
"646564597_NC_014012",4030,"646564597_NC_014012-gene_2007-gene_2037",31,2,1,"","","gene_2007-gene_2037:10.04906420228570","gene_2011-gene_2037:3.77657368967957","","",646564597,"Shewanella violacea DSS12: NC_014012",646564568,"Shewanella violacea DSS12",4515,4962103,0.45,NA,1,1
"647010922_NZ_ACZV01000004-circular",1414,"647010922_NZ_ACZV01000004-circular-gene_818-gene_861",44,2,6,"gene_822-gene_849:19.11426944966354","","gene_818-gene_861:20.57834071039871","","","",647010922,"Vibrio orientalis CIP 102891 VIA.Contig79: NZ_ACZV01000004",647000342,"Vibrio orientalis CIP 102891",1398,1579959,0.45,NA,1,1
"647533454_NZ_DS989898",3564,"647533454_NZ_DS989898-gene_1834-gene_1925",92,2,3,"","","gene_1834-gene_1925:15.33240101458536","gene_1834-gene_1924:5.04429191009413","","",647533454,"Brevundimonas sp. BAL3 scf_1104670153119 genomic scaffold: NZ_DS989898",647533115,"Brevundimonas sp. BAL3",3518,3635929,0.67,NA,3,3
"647533516_NZ_DS990556",2829,"647533516_NZ_DS990556-gene_1296-gene_1378",83,2,2,"","","gene_1296-gene_1378:12.65010595159024","gene_1296-gene_1378:8.59025781852111","","",647533516,"Cyanobium sp. PCC 7001 scf_1106012173546 genomic scaffold: NZ_DS990556",647533126,"Cyanobium sp. PCC 7001",2825,2832412,0.69,NA,3,3
"647533516_NZ_DS990556",2829,"647533516_NZ_DS990556-gene_624-gene_664",41,2,1,"","","gene_624-gene_664:5.52399582777732","","","",647533516,"Cyanobium sp. PCC 7001 scf_1106012173546 genomic scaffold: NZ_DS990556",647533126,"Cyanobium sp. PCC 7001",2825,2832412,0.69,NA,3,3
"647533601_NZ_DS995281",3786,"647533601_NZ_DS995281-gene_3189-gene_3242",54,2,1,"","","gene_3189-gene_3242:11.48974401511328","gene_3193-gene_3242:3.85671779512487","","",647533601,"Rhodobacterales bacterium Y4I scf_1106129324773 genomic scaffold: NZ_DS995281",647533203,"Rhodobacterales sp. Y4I",3820,3912481,0.64,NA,1,1
"647533810_NZ_DS999213",3659,"647533810_NZ_DS999213-gene_3456-gene_3479",24,2,2,"","","gene_3456-gene_3479:4.39169720540279","","","",647533810,"Roseobacter sp. GAI101 scf_1106754216546 genomic scaffold: NZ_DS999213",647533205,"Roseobacter sp. GAI101",3631,3794933,0.59,NA,1,1
"647533937_NZ_DS999412-circular",4631,"647533937_NZ_DS999412-circular-gene_0-gene_50",50,2,4,"gene_0-gene_28:3.70580019406877","","gene_0-gene_50:22.22213415722790","gene_29-gene_50:4.35188601687811","","",647533937,"Stenotrophomonas sp. SKA14 scf_1108481805244 genomic scaffold: NZ_DS999412",647533230,"Stenotrophomonas sp. SKA14",4534,5017753,0.66,NA,9,9
"647533937_NZ_DS999412-circular",4631,"647533937_NZ_DS999412-circular-gene_187-gene_234",48,2,2,"gene_198-gene_234:13.28767160366652","","gene_187-gene_234:22.68459472344417","","","",647533937,"Stenotrophomonas sp. SKA14 scf_1108481805244 genomic scaffold: NZ_DS999412",647533230,"Stenotrophomonas sp. SKA14",4534,5017753,0.66,NA,9,9
"647533937_NZ_DS999412-circular",4631,"647533937_NZ_DS999412-circular-gene_1913-gene_1937",25,2,1,"","","gene_1913-gene_1937:11.31323132223390","gene_1915-gene_1935:5.12056941142410","","",647533937,"Stenotrophomonas sp. SKA14 scf_1108481805244 genomic scaffold: NZ_DS999412",647533230,"Stenotrophomonas sp. SKA14",4534,5017753,0.66,NA,9,9
"647533937_NZ_DS999412-circular",4631,"647533937_NZ_DS999412-circular-gene_2641-gene_2698",58,2,1,"","gene_2674-gene_2683:4.41826801456713","gene_2641-gene_2698:6.00114198602018","","","",647533937,"Stenotrophomonas sp. SKA14 scf_1108481805244 genomic scaffold: NZ_DS999412",647533230,"Stenotrophomonas sp. SKA14",4534,5017753,0.66,NA,9,9
"647533937_NZ_DS999412-circular",4631,"647533937_NZ_DS999412-circular-gene_3956-gene_3984",29,2,3,"gene_3956-gene_3980:4.85765085166981","","gene_3956-gene_3984:10.25607343541233","","","",647533937,"Stenotrophomonas sp. SKA14 scf_1108481805244 genomic scaffold: NZ_DS999412",647533230,"Stenotrophomonas sp. SKA14",4534,5017753,0.66,NA,9,9
"647533937_NZ_DS999412-circular",4631,"647533937_NZ_DS999412-circular-gene_4032-gene_4081",50,2,4,"gene_4034-gene_4070:6.01283524550873","","gene_4032-gene_4081:19.03324917914546","","","",647533937,"Stenotrophomonas sp. SKA14 scf_1108481805244 genomic scaffold: NZ_DS999412",647533230,"Stenotrophomonas sp. SKA14",4534,5017753,0.66,NA,9,9
"647533937_NZ_DS999412-circular",4631,"647533937_NZ_DS999412-circular-gene_905-gene_972",68,2,2,"gene_926-gene_972:4.17116690004522","","gene_905-gene_972:23.20610566837169","gene_906-gene_946:2.65743538844744","","",647533937,"Stenotrophomonas sp. SKA14 scf_1108481805244 genomic scaffold: NZ_DS999412",647533230,"Stenotrophomonas sp. SKA14",4534,5017753,0.66,NA,9,9
"647535429_NZ_GG704599",2798,"647535429_NZ_GG704599-gene_2480-gene_2540",61,2,1,"","","gene_2480-gene_2540:14.48404329208357","","","",647535429,"Citreicella sp. SE45 genomic scaffold scf_1113211290437: NZ_GG704599",647533124,"Citreicella sp. SE45",2867,2868439,0.68,NA,2,2
"649633102_NC_014831",2450,"649633102_NC_014831-gene_17-gene_67",51,2,3,"","","gene_17-gene_67:17.09892139235974","gene_17-gene_67:2.27270210557696","","",649633102,"Thermaerobacter marianensis DSM 12885 chromosome: NC_014831",649633101,"Thermaerobacter marianensis 7p75a, DSM 12885",2435,2844696,0.72,NA,1,1
"650377919_CP001978",4187,"650377919_CP001978-gene_1950-gene_2018",69,2,2,"","","gene_1950-gene_2018:25.21533584601761","gene_1950-gene_2018:8.93671364744297","gene_1955-gene_2017:2.63454369213220","",650377919,"Marine bacterium HP15: CP001978",650377991,"Marinobacter adhaerens HP15",4240,4421911,0.57,NA,4,4
"650377919_CP001978",4187,"650377919_CP001978-gene_644-gene_703",60,2,5,"gene_644-gene_683:9.41211574627110","","gene_644-gene_703:19.70006498135974","","","",650377919,"Marine bacterium HP15: CP001978",650377991,"Marinobacter adhaerens HP15",4240,4421911,0.57,NA,4,4
"650377989_CP002377-circular",3048,"650377989_CP002377-circular-gene_2404-gene_2451",48,2,4,"gene_2404-gene_2444:8.05440769351056","","gene_2404-gene_2451:10.36429523822072","","","",650377989,"Vibrio furnissii NCTC 11218 chromosome 1: CP002377",650377984,"Vibrio furnissii 2510/74, NCTC 11218",3130,3294546,0.51,NA,1,1
"650716032_NC_015275",4318,"650716032_NC_015275-gene_1198-gene_1217",20,2,1,"","","gene_1198-gene_1217:3.15669265662725","","","",650716032,"Clostridium lentocellum DSM 5427 chromosome: NC_015275",650716026,"Cellulosilyticum lentocellum RHM5, DSM 5427",4416,4714237,0.34,NA,7,7
"650716032_NC_015275",4318,"650716032_NC_015275-gene_1849-gene_1912",64,2,3,"gene_1876-gene_1887:2.16837588180933","","gene_1849-gene_1912:33.30145227300913","gene_1856-gene_1912:7.23278525348593","","gene_1849-gene_1911:4.48038255740862",650716032,"Clostridium lentocellum DSM 5427 chromosome: NC_015275",650716026,"Cellulosilyticum lentocellum RHM5, DSM 5427",4416,4714237,0.34,NA,7,7
"650716032_NC_015275",4318,"650716032_NC_015275-gene_2749-gene_2844",96,2,6,"gene_2767-gene_2830:6.35070578123139","","gene_2749-gene_2844:31.14256492166080","gene_2749-gene_2844:3.90438947450257","","",650716032,"Clostridium lentocellum DSM 5427 chromosome: NC_015275",650716026,"Cellulosilyticum lentocellum RHM5, DSM 5427",4416,4714237,0.34,NA,7,7
"650716032_NC_015275",4318,"650716032_NC_015275-gene_735-gene_900",166,2,7,"gene_748-gene_846:7.40218045832273","","gene_803-gene_900:34.88283969325477;gene_735-gene_778:20.08206242275041","gene_768-gene_867:4.26851309927429","","gene_804-gene_899:3.11086062400920",650716032,"Clostridium lentocellum DSM 5427 chromosome: NC_015275",650716026,"Cellulosilyticum lentocellum RHM5, DSM 5427",4416,4714237,0.34,NA,7,7
"650716032_NC_015275",4318,"650716032_NC_015275-gene_951-gene_1022",72,2,3,"gene_951-gene_1007:2.17683045773357","","gene_951-gene_1020:35.35526595009260","gene_955-gene_1022:8.42996504267918","","gene_954-gene_988:6.65469307458821",650716032,"Clostridium lentocellum DSM 5427 chromosome: NC_015275",650716026,"Cellulosilyticum lentocellum RHM5, DSM 5427",4416,4714237,0.34,NA,7,7
"650716102_NC_015590",3664,"650716102_NC_015590-gene_1342-gene_1435",94,2,3,"gene_1342-gene_1365:13.00412845391178","","gene_1342-gene_1435:39.43281288007780","gene_1366-gene_1421:7.68305343041279","","",650716102,"Sinorhizobium meliloti AK83 chromosome chromosome 1: NC_015590",650716086,"Sinorhizobium meliloti AK83",3761,3820344,0.63,NA,5,5
"650716102_NC_015590",3664,"650716102_NC_015590-gene_1805-gene_1848",44,2,2,"","","gene_1805-gene_1848:11.41268444812332","","","",650716102,"Sinorhizobium meliloti AK83 chromosome chromosome 1: NC_015590",650716086,"Sinorhizobium meliloti AK83",3761,3820344,0.63,NA,5,5
"650716102_NC_015590",3664,"650716102_NC_015590-gene_2233-gene_2317",85,2,3,"gene_2264-gene_2295:2.58256641208484","","gene_2255-gene_2317:25.86111456944679","gene_2233-gene_2316:5.36970512057808","","",650716102,"Sinorhizobium meliloti AK83 chromosome chromosome 1: NC_015590",650716086,"Sinorhizobium meliloti AK83",3761,3820344,0.63,NA,5,5
"650716102_NC_015590",3664,"650716102_NC_015590-gene_229-gene_295",67,2,2,"gene_229-gene_260:2.58256641208484","","gene_229-gene_285:23.58337406867403","gene_237-gene_295:2.80495081968945","","",650716102,"Sinorhizobium meliloti AK83 chromosome chromosome 1: NC_015590",650716086,"Sinorhizobium meliloti AK83",3761,3820344,0.63,NA,5,5
"650716102_NC_015590",3664,"650716102_NC_015590-gene_750-gene_840",91,2,3,"","","gene_756-gene_840:32.38584675272067","gene_750-gene_834:8.64022684181708","","",650716102,"Sinorhizobium meliloti AK83 chromosome chromosome 1: NC_015590",650716086,"Sinorhizobium meliloti AK83",3761,3820344,0.63,NA,5,5
"650716148_NC_015711",7508,"650716148_NC_015711-gene_3723-gene_3820",98,2,1,"","","gene_3723-gene_3820:30.85898074682415","gene_3724-gene_3820:21.43129551262809","","",650716148,"Myxococcus fulvus HW-1 chromosome: NC_015711",650716065,"Myxococcus fulvus HW-1",7362,9003593,0.71,NA,7,7
"650716148_NC_015711",7508,"650716148_NC_015711-gene_5117-gene_5198",82,2,1,"","","gene_5117-gene_5198:18.33321991505967","gene_5117-gene_5194:11.45185093483529","","",650716148,"Myxococcus fulvus HW-1 chromosome: NC_015711",650716065,"Myxococcus fulvus HW-1",7362,9003593,0.71,NA,7,7
"650716148_NC_015711",7508,"650716148_NC_015711-gene_7448-gene_7507",60,2,2,"","","gene_7448-gene_7507:9.44375970972917","","","",650716148,"Myxococcus fulvus HW-1 chromosome: NC_015711",650716065,"Myxococcus fulvus HW-1",7362,9003593,0.71,NA,7,7
"651053104_CP002811",4594,"651053104_CP002811-gene_1372-gene_1427",56,2,4,"gene_1384-gene_1427:4.00970215770418","","gene_1372-gene_1427:12.52915907784672","","","gene_1388-gene_1401:4.50895731873627",651053104,"Shewanella baltica OS117: CP002811",651053066,"Shewanella baltica OS117",4673,5242964,0.46,NA,4,4
"651053104_CP002811",4594,"651053104_CP002811-gene_2311-gene_2346",36,2,1,"","gene_2311-gene_2341:4.60935397803184","gene_2311-gene_2346:9.00603598018865","","","gene_2313-gene_2338:4.08719561066635",651053104,"Shewanella baltica OS117: CP002811",651053066,"Shewanella baltica OS117",4673,5242964,0.46,NA,4,4
"651053104_CP002811",4594,"651053104_CP002811-gene_3763-gene_3823",61,2,4,"gene_3765-gene_3805:2.95169155012357","","gene_3763-gene_3823:14.26537154626118","","","",651053104,"Shewanella baltica OS117: CP002811",651053066,"Shewanella baltica OS117",4673,5242964,0.46,NA,4,4
"651331075_NZ_AEVK01000129-circular",14,"651331075_NZ_AEVK01000129-circular",14,2,0,"","gene_5-gene_14:6.01539271231419","gene_4-gene_14:6.27436433681653","gene_2-gene_11:2.76859993254432","","",651331075,"Gamma proteobacterium IMCC1989 ctg_146: NZ_AEVK01000129",651324112,"gamma proteobacterium IMCC1989",12,8868,0.37,NA,1,2
