Contig_id,Nb genes contigs,Fragment,Nb genes,Category,Nb phage hallmark genes,Phage gene enrichment sig,Non-Caudovirales phage gene enrichment sig,Pfam depletion sig,Uncharacterized enrichment sig,Strand switch depletion sig,Short genes enrichment sig
VIRSorter_2518681435_CP003677,4382,VIRSorter_2518681435_CP003677-gene_1360-gene_1414,55,1,3,gene_1360-gene_1414:7.65308072722566,,gene_1360-gene_1409:24.02789039178666,,,
VIRSorter_2526166977_SER39009_Serratia_39006_draft_12-05-13_1,4403,VIRSorter_2526166977_SER39009_Serratia_39006_draft_12-05-13_1-gene_2589-gene_2649,61,1,4,gene_2589-gene_2649:22.25894965098505,,gene_2591-gene_2649:26.39840923635721,,,
VIRSorter_2690318780_Ga0045920_11,3514,VIRSorter_2690318780_Ga0045920_11-gene_2185-gene_2236,52,1,4,gene_2185-gene_2236:41.19996677314062,,gene_2185-gene_2236:27.42918012560486,,,
VIRSorter_2724812731_K09K1_contig000002,3096,VIRSorter_2724812731_K09K1_contig000002-gene_3087-gene_3096,10,1,2,,gene_3087-gene_3096:7.60588799823735,,,,
VIRSorter_641522729_NC_010674,3507,VIRSorter_641522729_NC_010674-gene_2172-gene_2223,52,1,4,gene_2172-gene_2223:41.20084629358395,,gene_2172-gene_2223:27.43005964604818,,,
VIRSorter_641522729_NC_010674,3507,VIRSorter_641522729_NC_010674-gene_2639-gene_2721,83,1,4,gene_2639-gene_2721:16.28258413351434,,gene_2639-gene_2721:31.17119350076574,,,
VIRSorter_643348578_NC_011566,4565,VIRSorter_643348578_NC_011566-gene_2273-gene_2282,10,1,2,,gene_2273-gene_2282:4.41470138632291,,,,
VIRSorter_647533937_NZ_DS999412-circular,4631,VIRSorter_647533937_NZ_DS999412-circular-gene_1745-gene_1810,66,1,2,gene_1745-gene_1810:3.53592634107919,,gene_1749-gene_1810:26.67876626271415,gene_1761-gene_1788:5.45418207635417,gene_1747-gene_1808:2.44372519997279,
VIRSorter_2506213072_Contig398,4215,VIRSorter_2506213072_Contig398-gene_1804-gene_1865,62,2,6,gene_1804-gene_1858:9.62558609647393,,gene_1804-gene_1865:22.27059174476230,,,
VIRSorter_2506213072_Contig398,4215,VIRSorter_2506213072_Contig398-gene_4176-gene_4195,20,2,2,,,gene_4176-gene_4195:3.16731213685282,,,
VIRSorter_2506485008_Contig317,4900,VIRSorter_2506485008_Contig317-gene_4573-gene_4589,17,2,1,,,gene_4573-gene_4589:5.86991566422538,gene_4574-gene_4587:2.10884826099981,,
VIRSorter_2506485008_Contig317,4900,VIRSorter_2506485008_Contig317-gene_861-gene_960,100,2,2,,,gene_861-gene_960:26.43527543756583,gene_864-gene_960:12.58222369329079,,
VIRSorter_2507267694_KS100_Contig_1,2865,VIRSorter_2507267694_KS100_Contig_1-gene_2020-gene_2084,65,2,1,,,gene_2020-gene_2084:6.35712163340614,gene_2020-gene_2084:4.13585836099760,,
VIRSorter_2507267694_KS100_Contig_1,2865,VIRSorter_2507267694_KS100_Contig_1-gene_203-gene_232,30,2,1,,,gene_203-gene_232:8.15714821050804,gene_203-gene_232:5.66071612875706,,
VIRSorter_2507267694_KS100_Contig_1,2865,VIRSorter_2507267694_KS100_Contig_1-gene_2693-gene_2762,70,2,1,,,gene_2693-gene_2762:7.93895566817361,gene_2736-gene_2762:3.92715921979740,,
VIRSorter_2507281626_Sbal625_Contig118_1,4363,VIRSorter_2507281626_Sbal625_Contig118_1-gene_2046-gene_2094,49,2,4,,,gene_2046-gene_2094:9.69438753751968,,,
VIRSorter_2507281626_Sbal625_Contig118_1,4363,VIRSorter_2507281626_Sbal625_Contig118_1-gene_2172-gene_2219,48,2,,,gene_2192-gene_2212:2.99273696332354,gene_2172-gene_2215:11.33581515594062,gene_2172-gene_2219:4.45272420750462,,gene_2174-gene_2215:2.75033895147907
VIRSorter_2511244427_NC_016078,3849,VIRSorter_2511244427_NC_016078-gene_672-gene_732,61,2,4,gene_674-gene_732:5.81752901555456,,gene_672-gene_732:29.49138609286272,,,
VIRSorter_2511244427_NC_016078,3849,VIRSorter_2511244427_NC_016078-gene_909-gene_925,17,2,1,,,gene_909-gene_925:4.16407378516032,,,
VIRSorter_2512205695_CP002987,3683,VIRSorter_2512205695_CP002987-gene_3164-gene_3224,61,2,6,gene_3173-gene_3190:3.11577588581729,,gene_3164-gene_3224:26.13858579564700,gene_3191-gene_3224:7.90793626073007,,
VIRSorter_2512205695_CP002987,3683,VIRSorter_2512205695_CP002987-gene_3566-gene_3646,81,2,5,gene_3590-gene_3646:3.77973878846060,,gene_3566-gene_3643:26.75495933650836,,,gene_3570-gene_3641:3.78372788569503
VIRSorter_2512211939_PhacaeDRAFT_Scaffold1_6,3405,VIRSorter_2512211939_PhacaeDRAFT_Scaffold1_6-gene_1-gene_35,35,2,1,,,gene_1-gene_35:8.53901558029853,gene_1-gene_35:3.22524035242935,,
VIRSorter_2512211939_PhacaeDRAFT_Scaffold1_6,3405,VIRSorter_2512211939_PhacaeDRAFT_Scaffold1_6-gene_2735-gene_2790,56,2,1,gene_2739-gene_2778:5.21308985067042,,gene_2735-gene_2790:20.03993189837095,,,
VIRSorter_2512211939_PhacaeDRAFT_Scaffold1_6,3405,VIRSorter_2512211939_PhacaeDRAFT_Scaffold1_6-gene_3366-gene_3405,40,2,1,,,gene_3366-gene_3405:17.56069396834337,gene_3366-gene_3396:11.68773119873446,,gene_3371-gene_3394:7.64590228711917
VIRSorter_2512569605_Leime_Contig76_3,4053,VIRSorter_2512569605_Leime_Contig76_3-gene_1289-gene_1357,69,2,3,,,gene_1289-gene_1357:31.23994378630123,gene_1289-gene_1355:6.36470012128221,,
VIRSorter_2512569605_Leime_Contig76_3,4053,VIRSorter_2512569605_Leime_Contig76_3-gene_1786-gene_1861,76,2,3,,,gene_1786-gene_1861:2.69901065528984,,,
VIRSorter_2512569605_Leime_Contig76_3,4053,VIRSorter_2512569605_Leime_Contig76_3-gene_2139-gene_2184,46,2,2,gene_2143-gene_2184:4.57860320208050,,gene_2139-gene_2184:16.57052781929814,,,
VIRSorter_2512569605_Leime_Contig76_3,4053,VIRSorter_2512569605_Leime_Contig76_3-gene_3039-gene_3094,56,2,4,,,gene_3039-gene_3094:9.50477085471373,,,
VIRSorter_2513256208_cola_cola-finished-ohne-overlap_screen_ace_1_1,4264,VIRSorter_2513256208_cola_cola-finished-ohne-overlap_screen_ace_1_1-gene_1652-gene_1755,104,2,2,,,gene_1652-gene_1728:24.80938879609361,gene_1656-gene_1755:7.38950914688497,,gene_1653-gene_1744:3.63166267709122
VIRSorter_2516493516_NitteDRAFT_scaffold1_1-circular,1953,VIRSorter_2516493516_NitteDRAFT_scaffold1_1-circular-gene_1828-gene_1876,49,2,1,,,gene_1828-gene_1876:3.67789516198555,,,
VIRSorter_2517093774_Syn9616DRAFT_scaffold1_1-circular,2781,VIRSorter_2517093774_Syn9616DRAFT_scaffold1_1-circular-gene_431-gene_530,100,2,1,,,gene_431-gene_530:20.52423158979292,gene_431-gene_530:18.64155861600038,,
VIRSorter_2517487235_scaffold00006,4444,VIRSorter_2517487235_scaffold00006-gene_2294-gene_2391,98,2,4,,,gene_2343-gene_2391:15.61007447337085,gene_2294-gene_2391:2.40895700530728,,
VIRSorter_2521191523_Phaar_neu_scaffold_2516677464_1,4114,VIRSorter_2521191523_Phaar_neu_scaffold_2516677464_1-gene_1-gene_82,82,2,2,,,gene_1-gene_82:11.98505530306585,gene_4-gene_82:6.61016546990869,,gene_70-gene_82:3.62381653867472
VIRSorter_2521191523_Phaar_neu_scaffold_2516677464_1,4114,VIRSorter_2521191523_Phaar_neu_scaffold_2516677464_1-gene_1517-gene_1561,45,2,3,,,gene_1517-gene_1561:17.42805458047215,,,
VIRSorter_2521191523_Phaar_neu_scaffold_2516677464_1,4114,VIRSorter_2521191523_Phaar_neu_scaffold_2516677464_1-gene_2017-gene_2055,39,2,3,,,gene_2017-gene_2055:15.15293130807227,gene_2017-gene_2054:2.06877430409231,,
VIRSorter_2521191523_Phaar_neu_scaffold_2516677464_1,4114,VIRSorter_2521191523_Phaar_neu_scaffold_2516677464_1-gene_2113-gene_2204,92,2,7,gene_2162-gene_2204:6.23075266622816,,gene_2113-gene_2204:16.16922237665582,,,
VIRSorter_2521194441_CP003845,3795,VIRSorter_2521194441_CP003845-gene_2449-gene_2500,52,2,3,,,gene_2449-gene_2500:18.91574060192179,,,
VIRSorter_2524031326_Shewanella,4136,VIRSorter_2524031326_Shewanella-gene_1665-gene_1720,56,2,4,,,gene_1665-gene_1720:17.28480278090927,,,
VIRSorter_2524031327_Shewanella,3897,VIRSorter_2524031327_Shewanella-gene_3320-gene_3369,50,2,4,,,gene_3320-gene_3369:14.97169187362192,,,
VIRSorter_2524037964_FO203503,4557,VIRSorter_2524037964_FO203503-gene_4414-gene_4444,31,2,1,,,gene_4414-gene_4444:7.25819422222262,,,
VIRSorter_2524708640_K337DRAFT_scaffold00002_2-circular,1105,VIRSorter_2524708640_K337DRAFT_scaffold00002_2-circular-gene_199-gene_262,64,2,2,,,gene_199-gene_262:22.73525425108068,gene_199-gene_262:10.52428234300028,,
VIRSorter_2524708640_K337DRAFT_scaffold00002_2-circular,1105,VIRSorter_2524708640_K337DRAFT_scaffold00002_2-circular-gene_776-gene_848,73,2,2,,,gene_776-gene_848:21.82027662364731,gene_776-gene_848:11.53535014596357,,
VIRSorter_2526166977_SER39009_Serratia_39006_draft_12-05-13_1,4403,VIRSorter_2526166977_SER39009_Serratia_39006_draft_12-05-13_1-gene_2475-gene_2515,41,2,4,gene_2481-gene_2515:11.65794422701796,,gene_2475-gene_2515:12.05114860054580,,,
VIRSorter_2526166977_SER39009_Serratia_39006_draft_12-05-13_1,4403,VIRSorter_2526166977_SER39009_Serratia_39006_draft_12-05-13_1-gene_4119-gene_4180,62,2,1,gene_4150-gene_4180:12.54157083720893,,gene_4119-gene_4180:13.76764317327140,,,
VIRSorter_2540348203_FO203427,3295,VIRSorter_2540348203_FO203427-gene_2262-gene_2352,91,2,4,,,gene_2262-gene_2352:3.86079496472651,,,
VIRSorter_2540355318_H276DRAFT_scaffold00001_1-circular,3704,VIRSorter_2540355318_H276DRAFT_scaffold00001_1-circular-gene_733-gene_751,19,2,1,,,gene_733-gene_751:5.48802165364244,,,
VIRSorter_2549075848_RCA23c,3168,VIRSorter_2549075848_RCA23c-gene_2282-gene_2353,72,2,1,,,gene_2282-gene_2353:5.76606632807423,gene_2308-gene_2323:2.14045680092364,,
VIRSorter_2558913391_P176DRAFT_scf7180000000002_quiver_dupTrim_6579_1,3571,VIRSorter_2558913391_P176DRAFT_scf7180000000002_quiver_dupTrim_6579_1-gene_2375-gene_2437,63,2,,gene_2375-gene_2406:5.69748888632903,,gene_2375-gene_2437:34.78958860571392,gene_2407-gene_2436:4.44718280041448,,
VIRSorter_2561539978_Calab_Cab_131026_1,3828,VIRSorter_2561539978_Calab_Cab_131026_1-gene_1768-gene_1809,42,2,1,,,gene_1768-gene_1809:14.09214538036440,gene_1768-gene_1809:7.95932241854656,,
VIRSorter_2561539978_Calab_Cab_131026_1,3828,VIRSorter_2561539978_Calab_Cab_131026_1-gene_986-gene_1083,98,2,3,,,gene_986-gene_1083:29.95354537682529,gene_986-gene_1083:17.46840712675148,,
VIRSorter_2561541728_CP006605,3414,VIRSorter_2561541728_CP006605-gene_366-gene_387,22,2,,gene_366-gene_387:3.84604245208845,gene_373-gene_387:18.62355357615353,gene_366-gene_387:4.48612765191556,,,
VIRSorter_2561541728_CP006605,3414,VIRSorter_2561541728_CP006605-gene_664-gene_745,82,2,7,gene_682-gene_736:6.83166604104609,,gene_664-gene_745:15.69621002462923,,,
VIRSorter_2571071633_BS76DRAFT_scf7180000000002_quiver_dupTrim_10022_1,2522,VIRSorter_2571071633_BS76DRAFT_scf7180000000002_quiver_dupTrim_10022_1-gene_509-gene_575,67,2,3,gene_524-gene_575:4.16545484497978,,gene_509-gene_571:34.94341581866966,gene_509-gene_563:8.24194447232934,,gene_541-gene_566:4.35190630816225
VIRSorter_2571156966_P166DRAFT_scf7180000000008_quiver_2,2328,VIRSorter_2571156966_P166DRAFT_scf7180000000008_quiver_2-gene_408-gene_460,53,2,6,gene_424-gene_453:2.37368081795334,,gene_408-gene_460:14.51674246211043,,,
VIRSorter_2597512639_Ga0036914_gi564132530_1,3993,VIRSorter_2597512639_Ga0036914_gi564132530_1-gene_1146-gene_1179,34,2,1,,,gene_1146-gene_1179:7.87233724812148,,,
VIRSorter_2597512639_Ga0036914_gi564132530_1,3993,VIRSorter_2597512639_Ga0036914_gi564132530_1-gene_2218-gene_2230,13,2,1,,,gene_2218-gene_2230:3.25065651290056,,,
VIRSorter_2597520218_Ga0032872_gi461490773_1,3572,VIRSorter_2597520218_Ga0032872_gi461490773_1-gene_433-gene_485,53,2,2,gene_434-gene_485:4.01150416521954,,gene_433-gene_471:15.21516150652803,,,
VIRSorter_2619690354_Ga0074067_11,4508,VIRSorter_2619690354_Ga0074067_11-gene_1683-gene_1739,57,2,3,gene_1683-gene_1734:8.49488980134638,,gene_1683-gene_1739:26.80206934240449,,,
VIRSorter_2619690354_Ga0074067_11,4508,VIRSorter_2619690354_Ga0074067_11-gene_3019-gene_3085,67,2,3,,,gene_3019-gene_3085:18.86724119779672,,,
VIRSorter_2619690354_Ga0074067_11,4508,VIRSorter_2619690354_Ga0074067_11-gene_3758-gene_3822,65,2,3,gene_3773-gene_3818:4.42555533945776,,gene_3758-gene_3822:17.70047623407212,,,
VIRSorter_2622780072_scf7180000000004,3532,VIRSorter_2622780072_scf7180000000004-gene_1974-gene_2063,90,2,1,,,gene_1974-gene_2051:26.77341672704222,gene_1975-gene_2063:14.70159808305535,,
VIRSorter_2627853750_Ga0079189_11,2988,VIRSorter_2627853750_Ga0079189_11-gene_1059-gene_1101,43,2,5,gene_1059-gene_1096:2.97392605954134,,gene_1061-gene_1101:18.27415130500109,,,
VIRSorter_2627853750_Ga0079189_11,2988,VIRSorter_2627853750_Ga0079189_11-gene_1309-gene_1413,105,2,4,,,gene_1309-gene_1407:14.58997368738306,gene_1360-gene_1413:2.10765151372319,,
VIRSorter_2627853750_Ga0079189_11,2988,VIRSorter_2627853750_Ga0079189_11-gene_2109-gene_2159,51,2,4,,,gene_2109-gene_2159:14.43526079420352,gene_2130-gene_2145:2.16631529964848,,
VIRSorter_2627853750_Ga0079189_11,2988,VIRSorter_2627853750_Ga0079189_11-gene_2309-gene_2332,24,2,4,,,gene_2309-gene_2332:8.86921935393543,,,
VIRSorter_2627853750_Ga0079189_11,2988,VIRSorter_2627853750_Ga0079189_11-gene_2403-gene_2446,44,2,5,,,gene_2403-gene_2446:20.24441950926167,,,
VIRSorter_2627853750_Ga0079189_11,2988,VIRSorter_2627853750_Ga0079189_11-gene_2747-gene_2783,37,2,4,,,gene_2747-gene_2783:14.00930775218705,,,
VIRSorter_2627853750_Ga0079189_11,2988,VIRSorter_2627853750_Ga0079189_11-gene_728-gene_784,57,2,3,gene_728-gene_769:2.90941320854331,,gene_728-gene_784:22.15826657951638,gene_770-gene_784:4.73321067436102,,
VIRSorter_2627853750_Ga0079189_11,2988,VIRSorter_2627853750_Ga0079189_11-gene_829-gene_894,66,2,3,,,gene_829-gene_894:3.18628552696437,,,
VIRSorter_2627905620_Ga0077997_11,3407,VIRSorter_2627905620_Ga0077997_11-gene_2472-gene_2532,61,2,4,gene_2472-gene_2531:31.56123307892979,,gene_2472-gene_2532:33.46964993951760,,,
VIRSorter_2630977684_Ga0081187_11-circular,6938,VIRSorter_2630977684_Ga0081187_11-circular-gene_3910-gene_4007,98,2,1,,,gene_3910-gene_4007:2.21358066389388,,,
VIRSorter_2631013058_Ga0046381_11,4521,VIRSorter_2631013058_Ga0046381_11-gene_2102-gene_2153,52,2,4,,,gene_2102-gene_2153:10.29695429437755,,,
VIRSorter_2631013058_Ga0046381_11,4521,VIRSorter_2631013058_Ga0046381_11-gene_2879-gene_2918,40,2,9,gene_2879-gene_2904:16.73322848886331,,gene_2879-gene_2918:19.30375084885384,,,
VIRSorter_2631013058_Ga0046381_11,4521,VIRSorter_2631013058_Ga0046381_11-gene_770-gene_828,59,2,4,gene_778-gene_828:3.29236736969155,,gene_770-gene_828:21.78035987518544,,,
VIRSorter_2631041750_Ga0081465_101,6340,VIRSorter_2631041750_Ga0081465_101-gene_1388-gene_1486,99,2,3,,,gene_1388-gene_1486:4.89928340104499,,,
VIRSorter_2643222989_Cab_131026,3827,VIRSorter_2643222989_Cab_131026-gene_191-gene_232,42,2,1,,,gene_191-gene_232:14.09226047099232,gene_191-gene_232:7.95943750917447,,
VIRSorter_2643222989_Cab_131026,3827,VIRSorter_2643222989_Cab_131026-gene_3237-gene_3334,98,2,3,,,gene_3237-gene_3334:29.95366046745320,gene_3237-gene_3334:17.46852221737939,,
VIRSorter_2645768409_Ga0069294_12,3372,VIRSorter_2645768409_Ga0069294_12-gene_1623-gene_1688,66,2,,,gene_1635-gene_1688:5.66016238915444,gene_1623-gene_1688:24.84921589310803,gene_1623-gene_1687:12.45619213891034,,
VIRSorter_2648578723_Ga0045936_12,3258,VIRSorter_2648578723_Ga0045936_12-gene_1323-gene_1352,30,2,1,,,gene_1323-gene_1352:3.44728603439726,,,
VIRSorter_2648578723_Ga0045936_12,3258,VIRSorter_2648578723_Ga0045936_12-gene_2016-gene_2109,94,2,3,gene_2023-gene_2050:3.86068859908387,,gene_2016-gene_2109:27.69483533110828,gene_2051-gene_2108:6.99365125261881,,gene_2017-gene_2099:2.94237176410947
VIRSorter_2667541935_Ga0102658_12,3391,VIRSorter_2667541935_Ga0102658_12-gene_1305-gene_1353,49,2,4,gene_1311-gene_1351:3.08539119632588,,gene_1305-gene_1353:13.19401374391448,,,
VIRSorter_2667542034_Ga0114080_11,4695,VIRSorter_2667542034_Ga0114080_11-gene_2641-gene_2706,66,2,7,gene_2641-gene_2705:9.64290818188766,,gene_2641-gene_2706:34.59246231742802,,,
VIRSorter_2667542047_Ga0105927_11,3982,VIRSorter_2667542047_Ga0105927_11-gene_2041-gene_2135,95,2,3,,,gene_2050-gene_2135:28.96881482614909,gene_2041-gene_2134:6.22601300602426,,
VIRSorter_2667542047_Ga0105927_11,3982,VIRSorter_2667542047_Ga0105927_11-gene_2614-gene_2700,87,2,1,,,gene_2614-gene_2700:21.38473921193589,gene_2615-gene_2694:7.07285336921992,,
VIRSorter_2667542047_Ga0105927_11,3982,VIRSorter_2667542047_Ga0105927_11-gene_3574-gene_3693,120,2,1,,,gene_3574-gene_3673:43.17887540850076,gene_3596-gene_3693:18.36973730545138,,
VIRSorter_2687454401_Ga0133388_11,3994,VIRSorter_2687454401_Ga0133388_11-gene_2032-gene_2128,97,2,3,,,gene_2041-gene_2128:30.17128746807321,gene_2032-gene_2127:5.13575087885587,,
VIRSorter_2687454401_Ga0133388_11,3994,VIRSorter_2687454401_Ga0133388_11-gene_2609-gene_2695,87,2,1,,,gene_2609-gene_2695:20.32898237854309,gene_2610-gene_2689:4.97507605438919,,
VIRSorter_2687454401_Ga0133388_11,3994,VIRSorter_2687454401_Ga0133388_11-gene_3574-gene_3699,126,2,1,,,gene_3574-gene_3673:43.17755066579009,gene_3600-gene_3699:15.80655972264803,,
VIRSorter_2690318780_Ga0045920_11,3514,VIRSorter_2690318780_Ga0045920_11-gene_1827-gene_1921,95,2,4,gene_1835-gene_1908:3.75240677843532,,gene_1827-gene_1905:27.38174830025476,gene_1827-gene_1921:2.50708987605145,gene_1836-gene_1897:4.00019331275979,gene_1827-gene_1907:5.34274396556903
VIRSorter_2690318780_Ga0045920_11,3514,VIRSorter_2690318780_Ga0045920_11-gene_2318-gene_2341,24,2,2,,,gene_2318-gene_2341:5.71091961804919,gene_2318-gene_2341:3.22550429955492,,
VIRSorter_2690318780_Ga0045920_11,3514,VIRSorter_2690318780_Ga0045920_11-gene_2646-gene_2739,94,2,4,gene_2657-gene_2739:61.26229477896526,,gene_2646-gene_2739:40.95702139716214,,gene_2651-gene_2736:7.67695878522702,
VIRSorter_2690318780_Ga0045920_11,3514,VIRSorter_2690318780_Ga0045920_11-gene_868-gene_923,56,2,6,gene_868-gene_922:11.78637105006163,,gene_872-gene_923:29.72221805300930,,,
VIRSorter_2718227896_Ga0175494_11,2817,VIRSorter_2718227896_Ga0175494_11-gene_2146-gene_2191,46,2,,gene_2148-gene_2166:4.05119349636231,,gene_2146-gene_2191:23.51594758073384,gene_2167-gene_2191:7.89604725210450,,gene_2171-gene_2188:5.28394151393449
VIRSorter_2718228072_Ga0174827_11,2367,VIRSorter_2718228072_Ga0174827_11-gene_1031-gene_1050,20,2,4,,,gene_1031-gene_1050:3.42233421987515,,,
VIRSorter_2718228132_Ga0175156_11,5492,VIRSorter_2718228132_Ga0175156_11-gene_1886-gene_2025,140,2,4,,,gene_1886-gene_1978:2.67419298020807;gene_1990-gene_2025:14.73324958833450,gene_1968-gene_2024:5.44223156831717,,
VIRSorter_2718228555_Ga0175862_11,3396,VIRSorter_2718228555_Ga0175862_11-gene_1409-gene_1459,51,2,3,,,gene_1409-gene_1459:6.95309017525374,,,
VIRSorter_2718228555_Ga0175862_11,3396,VIRSorter_2718228555_Ga0175862_11-gene_3168-gene_3266,99,2,2,,,gene_3168-gene_3266:7.07001975192543,,,
VIRSorter_2718228555_Ga0175862_11,3396,VIRSorter_2718228555_Ga0175862_11-gene_3274-gene_3361,88,2,4,,,gene_3274-gene_3361:16.96037227952707,gene_3313-gene_3358:2.79958639571996,,
VIRSorter_2718228560_Ga0175864_11,2708,VIRSorter_2718228560_Ga0175864_11-gene_679-gene_734,56,2,4,gene_679-gene_729:7.05624390765360,,gene_681-gene_734:15.03861554923376,,,
VIRSorter_2718228709_Ga0175363_11,3828,VIRSorter_2718228709_Ga0175363_11-gene_1768-gene_1809,42,2,1,,,gene_1768-gene_1809:14.09214538036440,gene_1768-gene_1809:7.95932241854656,,
VIRSorter_2718228709_Ga0175363_11,3828,VIRSorter_2718228709_Ga0175363_11-gene_986-gene_1083,98,2,3,,,gene_986-gene_1083:29.95354537682529,gene_986-gene_1083:17.46840712675148,,
VIRSorter_2718229246_Ga0175211_11,2700,VIRSorter_2718229246_Ga0175211_11-gene_1632-gene_1696,65,2,4,gene_1633-gene_1693:22.47474921879890,,gene_1632-gene_1696:36.25428284355021,,,
VIRSorter_2718229246_Ga0175211_11,2700,VIRSorter_2718229246_Ga0175211_11-gene_2496-gene_2531,36,2,,gene_2509-gene_2531:2.41541051454709,,gene_2496-gene_2531:11.91814260915133,,,
VIRSorter_2721800935_Ga0175699_12,4233,VIRSorter_2721800935_Ga0175699_12-gene_1067-gene_1088,22,2,2,,,gene_1067-gene_1088:5.79654876997542,,,
VIRSorter_2721800935_Ga0175699_12,4233,VIRSorter_2721800935_Ga0175699_12-gene_2062-gene_2159,98,2,4,,,gene_2062-gene_2159:10.02684727989647,gene_2062-gene_2143:4.47376951396839,,
VIRSorter_2724812406_K01M1_chromosome1,3086,VIRSorter_2724812406_K01M1_chromosome1-gene_1233-gene_1277,45,2,4,gene_1244-gene_1276:5.40646465990466,,gene_1233-gene_1277:14.66101082509955,,,
VIRSorter_2724812408_K04M1_chromosome1,3098,VIRSorter_2724812408_K04M1_chromosome1-gene_1240-gene_1284,45,2,4,gene_1251-gene_1283:5.40474920876614,,gene_1240-gene_1284:14.65929537396103,,,
VIRSorter_2724812413_K04M3_chromosome1,3104,VIRSorter_2724812413_K04M3_chromosome1-gene_1209-gene_1253,45,2,4,gene_1220-gene_1252:5.40389401751789,,gene_1209-gene_1253:14.65844018271278,,,
VIRSorter_2724812416_K04M5_chromosome1,3080,VIRSorter_2724812416_K04M5_chromosome1-gene_1207-gene_1251,45,2,4,gene_1218-gene_1250:5.40732493317751,,gene_1207-gene_1251:14.66187109837240,,,
VIRSorter_2724812419_K05K4_chromosome1,3105,VIRSorter_2724812419_K05K4_chromosome1-gene_1231-gene_1275,45,2,4,gene_1242-gene_1274:5.40375164922227,,gene_1231-gene_1275:14.65829781441716,,,
VIRSorter_2724812419_K05K4_chromosome1,3105,VIRSorter_2724812419_K05K4_chromosome1-gene_1557-gene_1573,17,2,2,gene_1560-gene_1573:5.78625554000044,gene_1557-gene_1569:19.50991247942900,gene_1557-gene_1573:6.07085686638446,,,
VIRSorter_2724812723_K06K5_chromosome1,3091,VIRSorter_2724812723_K06K5_chromosome1-gene_1241-gene_1285,45,2,4,gene_1252-gene_1284:5.40574906494641,,gene_1241-gene_1285:14.66029523014130,,,
VIRSorter_2724812731_K09K1_contig000002,3096,VIRSorter_2724812731_K09K1_contig000002-gene_1-gene_22,22,2,3,gene_2-gene_19:7.64321027303726,gene_2-gene_22:39.68457244991738,gene_1-gene_22:9.45871058970634,,,
VIRSorter_2724812731_K09K1_contig000002,3096,VIRSorter_2724812731_K09K1_contig000002-gene_302-gene_346,45,2,4,gene_303-gene_335:5.40503464714770,,gene_302-gene_346:14.65958081234259,,,
VIRSorter_2724812732_K10K4_chromosome1,3114,VIRSorter_2724812732_K10K4_chromosome1-gene_1209-gene_1253,45,2,4,gene_1220-gene_1252:5.40247243038309,,gene_1209-gene_1253:14.65701859557799,,,
VIRSorter_2724812732_K10K4_chromosome1,3114,VIRSorter_2724812732_K10K4_chromosome1-gene_1532-gene_1548,17,2,2,gene_1535-gene_1547:6.88312323360424,gene_1532-gene_1543:20.02019851479121,gene_1532-gene_1548:6.06957764754528,,,
VIRSorter_2724812734_K08M3_chromosome1,3087,VIRSorter_2724812734_K08M3_chromosome1-gene_1230-gene_1274,45,2,4,gene_1241-gene_1273:5.40632144655401,,gene_1230-gene_1274:14.66086761174890,,,
VIRSorter_2728434717_Ga0175483_11,5078,VIRSorter_2728434717_Ga0175483_11-gene_2299-gene_2331,33,2,1,,,gene_2299-gene_2331:2.02351682891820,,,
VIRSorter_2728434717_Ga0175483_11,5078,VIRSorter_2728434717_Ga0175483_11-gene_3929-gene_4004,76,2,3,gene_3947-gene_3973:4.02244804844735,,gene_3929-gene_4004:29.47321126962793,gene_3933-gene_4004:2.85177775895929,,
VIRSorter_2728434717_Ga0175483_11,5078,VIRSorter_2728434717_Ga0175483_11-gene_4890-gene_4960,71,2,3,,,gene_4890-gene_4960:11.63482444827139,,,
VIRSorter_637000159_NC_003911,3974,VIRSorter_637000159_NC_003911-gene_1040-gene_1075,36,2,2,,,gene_1040-gene_1075:11.74744638198236,gene_1040-gene_1075:6.71885708717979,,
VIRSorter_637000284_NC_006138,3084,VIRSorter_637000284_NC_006138-gene_1537-gene_1593,57,2,2,,,gene_1544-gene_1593:12.63648153228464,gene_1537-gene_1592:3.68281796825486,,
VIRSorter_637000284_NC_006138,3084,VIRSorter_637000284_NC_006138-gene_1986-gene_2086,101,2,4,,,gene_1986-gene_2079:24.34632961958971,gene_1991-gene_2086:8.55279055301285,,
VIRSorter_637000312_NC_006370,3552,VIRSorter_637000312_NC_006370-gene_1312-gene_1372,61,2,3,,,gene_1312-gene_1372:9.36525843312893,gene_1315-gene_1346:2.56093663694778,,
VIRSorter_637000323_NC_006510,3531,VIRSorter_637000323_NC_006510-gene_498-gene_574,77,2,5,gene_520-gene_571:10.66615731692014,,gene_498-gene_574:38.21601821018616,gene_505-gene_541:5.22743791324729,,gene_504-gene_539:6.40651584043703
VIRSorter_637000417_NC_007481,2868,VIRSorter_637000417_NC_007481-gene_1433-gene_1478,46,2,1,,,gene_1433-gene_1478:23.50800437255162,gene_1433-gene_1472:6.96929303319872,,
VIRSorter_637000441_NC_007516,2824,VIRSorter_637000441_NC_007516-gene_1761-gene_1851,91,2,2,,,gene_1761-gene_1851:37.66361531170106,gene_1761-gene_1851:33.45938458458117,,
VIRSorter_637000441_NC_007516,2824,VIRSorter_637000441_NC_007516-gene_539-gene_587,49,2,1,,,gene_539-gene_587:10.96587781307115,gene_539-gene_587:8.85277128286561,,gene_543-gene_569:8.95407805274870
VIRSorter_637000467_NC_007645,6442,VIRSorter_637000467_NC_007645-gene_2579-gene_2678,100,2,2,,,gene_2579-gene_2678:26.31529393990087,gene_2579-gene_2678:11.51534613053596,,
VIRSorter_637000467_NC_007645,6442,VIRSorter_637000467_NC_007645-gene_329-gene_378,50,2,4,gene_336-gene_370:3.42924086454737,,gene_329-gene_378:9.03758139898053,,,
VIRSorter_637000467_NC_007645,6442,VIRSorter_637000467_NC_007645-gene_4099-gene_4144,46,2,4,,,gene_4099-gene_4144:7.86307196388537,,,
VIRSorter_637000467_NC_007645,6442,VIRSorter_637000467_NC_007645-gene_5070-gene_5165,96,2,,gene_5108-gene_5119:2.02236153172169,,gene_5070-gene_5165:22.98039523948546,gene_5070-gene_5165:4.91107620545362,,
VIRSorter_637000467_NC_007645,6442,VIRSorter_637000467_NC_007645-gene_6132-gene_6174,43,2,4,gene_6146-gene_6171:4.30082669312598,,gene_6132-gene_6174:11.80595831478078,,,
VIRSorter_637000580_NC_008228,4367,VIRSorter_637000580_NC_008228-gene_681-gene_739,59,2,4,,,gene_681-gene_739:11.08657479504749,,,
VIRSorter_637000611_NC_008322,4119,VIRSorter_637000611_NC_008322-gene_717-gene_769,53,2,4,gene_739-gene_767:4.50036106246512,,gene_717-gene_769:11.97153230805188,,,
VIRSorter_637000620_NC_008358,3523,VIRSorter_637000620_NC_008358-gene_2448-gene_2531,84,2,1,,,gene_2448-gene_2531:6.05949978374202,,,
VIRSorter_639633066_NC_008571,3376,VIRSorter_639633066_NC_008571-gene_2228-gene_2314,87,2,3,,,gene_2234-gene_2314:35.80617030152330,gene_2228-gene_2312:13.57920989803061,gene_2253-gene_2310:3.40507553802599,gene_2234-gene_2310:3.77887996090092
VIRSorter_639633068_NC_008576,3948,VIRSorter_639633068_NC_008576-gene_1292-gene_1425,134,2,2,,,gene_1331-gene_1425:20.63004349575209;gene_1292-gene_1316:2.65079716145977,gene_1307-gene_1406:2.64187126668450,,
VIRSorter_639633068_NC_008576,3948,VIRSorter_639633068_NC_008576-gene_1761-gene_1772,12,2,1,,,gene_1761-gene_1772:2.57833240144639,,,
VIRSorter_639633068_NC_008576,3948,VIRSorter_639633068_NC_008576-gene_1792-gene_1805,14,2,1,,,gene_1792-gene_1805:3.93296069160498,,,
VIRSorter_639633068_NC_008576,3948,VIRSorter_639633068_NC_008576-gene_2092-gene_2188,97,2,1,,,gene_2092-gene_2188:17.85409210516056,gene_2092-gene_2188:3.74662297650438,,
VIRSorter_639633068_NC_008576,3948,VIRSorter_639633068_NC_008576-gene_2665-gene_2747,83,2,1,,,gene_2665-gene_2747:13.38226328280765,,,
VIRSorter_639633068_NC_008576,3948,VIRSorter_639633068_NC_008576-gene_2853-gene_3064,212,2,3,,,gene_2965-gene_3064:18.48684780675800;gene_2853-gene_2950:23.28281351830446,gene_2876-gene_2975:4.89707383540677,,
VIRSorter_639633107_NC_008750,4157,VIRSorter_639633107_NC_008750-gene_2480-gene_2560,81,2,4,gene_2482-gene_2560:11.59805883821660,,gene_2480-gene_2560:37.32094299867212,,,
VIRSorter_639633107_NC_008750,4157,VIRSorter_639633107_NC_008750-gene_2904-gene_2975,72,2,4,gene_2907-gene_2942:4.31679469003649,,gene_2904-gene_2975:11.32707273600192,,,
VIRSorter_640069332_NC_009052,4492,VIRSorter_640069332_NC_009052-gene_1283-gene_1342,60,2,4,gene_1299-gene_1342:4.01957071266530,,gene_1283-gene_1342:12.64539820324850,,,gene_1303-gene_1316:4.51882587369738
VIRSorter_640069332_NC_009052,4492,VIRSorter_640069332_NC_009052-gene_2229-gene_2260,32,2,1,,,gene_2229-gene_2260:4.40925304041611,,,
VIRSorter_640069332_NC_009052,4492,VIRSorter_640069332_NC_009052-gene_3681-gene_3735,55,2,4,gene_3681-gene_3715:3.58741847411782,,gene_3681-gene_3735:20.72088985577249,,,
VIRSorter_640753033_NC_009665,4461,VIRSorter_640753033_NC_009665-gene_2114-gene_2167,54,2,4,,,gene_2114-gene_2167:12.50543396946937,,,
VIRSorter_640753033_NC_009665,4461,VIRSorter_640753033_NC_009665-gene_734-gene_792,59,2,4,gene_758-gene_788:2.77642722640010,,gene_734-gene_792:17.78842346095434,,,
VIRSorter_640753071_NC_009783,3387,VIRSorter_640753071_NC_009783-gene_1750-gene_1832,83,2,7,gene_1758-gene_1812:6.83517000477541,,gene_1750-gene_1832:16.22966529417307,,,
VIRSorter_640753071_NC_009783,3387,VIRSorter_640753071_NC_009783-gene_2103-gene_2124,22,2,,gene_2103-gene_2124:3.84954641581777,gene_2103-gene_2117:18.62705753988284,gene_2103-gene_2124:4.48963161564488,,,
VIRSorter_641228507_NC_009997,4587,VIRSorter_641228507_NC_009997-gene_2143-gene_2194,52,2,4,,,gene_2143-gene_2194:10.29058452779070,,,
VIRSorter_641228507_NC_009997,4587,VIRSorter_641228507_NC_009997-gene_2253-gene_2350,98,2,,,gene_2329-gene_2347:3.15884285019594,gene_2253-gene_2350:5.25603253835162,,,
VIRSorter_641228507_NC_009997,4587,VIRSorter_641228507_NC_009997-gene_2263-gene_2355,93,2,,,gene_2329-gene_2347:3.14898265446888,gene_2263-gene_2355:5.09939124728222,,,
VIRSorter_641228507_NC_009997,4587,VIRSorter_641228507_NC_009997-gene_2938-gene_2986,49,2,9,gene_2938-gene_2966:15.62714237314705,,gene_2938-gene_2986:16.96249264813056,,,
VIRSorter_641228507_NC_009997,4587,VIRSorter_641228507_NC_009997-gene_771-gene_828,58,2,4,gene_792-gene_828:3.03718464565940,,gene_771-gene_828:21.15122399383157,,,
VIRSorter_641381032_NZ_ABGR01000017-circular,40,VIRSorter_641381032_NZ_ABGR01000017-circular-gene_2-gene_32,31,2,1,,,gene_2-gene_32:3.98673383247073,,,
VIRSorter_641522617_NC_010334,4381,VIRSorter_641522617_NC_010334-gene_1305-gene_1365,61,2,4,gene_1313-gene_1361:4.60244862976201,,gene_1305-gene_1365:14.28624050391956,,,
VIRSorter_641522729_NC_010674,3507,VIRSorter_641522729_NC_010674-gene_1816-gene_1896,81,2,4,gene_1824-gene_1896:3.91961355632193,,gene_1816-gene_1893:26.77654972635946,gene_1816-gene_1890:2.37172301427560,gene_1825-gene_1886:4.00107283320312,gene_1816-gene_1895:4.75788338561852
VIRSorter_641522729_NC_010674,3507,VIRSorter_641522729_NC_010674-gene_2305-gene_2328,24,2,2,,,gene_2305-gene_2328:5.71179913849251,gene_2305-gene_2328:3.22638381999824,,
VIRSorter_641522729_NC_010674,3507,VIRSorter_641522729_NC_010674-gene_862-gene_917,56,2,6,gene_862-gene_916:11.78725057050495,,gene_866-gene_917:29.72309757345262,,,
VIRSorter_642555204_NC_011026,2707,VIRSorter_642555204_NC_011026-gene_256-gene_282,27,2,4,gene_257-gene_271:2.10245774684099,,gene_256-gene_282:6.34170464552367,,,
VIRSorter_642555224_NC_011138,3936,VIRSorter_642555224_NC_011138-gene_754-gene_825,72,2,3,,,gene_754-gene_825:36.71356928870506,gene_754-gene_812:17.84351098041192,,gene_763-gene_797:22.76887261758065
VIRSorter_643348595_NC_011663,4365,VIRSorter_643348595_NC_011663-gene_2594-gene_2664,71,2,4,gene_2594-gene_2657:9.00648842975023,,gene_2594-gene_2664:25.06415896280193,,,
VIRSorter_643348595_NC_011663,4365,VIRSorter_643348595_NC_011663-gene_757-gene_814,58,2,4,gene_782-gene_810:3.39721379560978,,gene_757-gene_814:19.79107988364064,,,
VIRSorter_643348691_NC_011963,3075,VIRSorter_643348691_NC_011963-gene_2988-gene_3036,49,2,1,,,gene_2988-gene_3036:10.92820685686232,,,
VIRSorter_643348691_NC_011963,3075,VIRSorter_643348691_NC_011963-gene_323-gene_394,72,2,1,,,gene_323-gene_394:12.37577999828711,,,
VIRSorter_643692038_NC_012440-circular,1985,VIRSorter_643692038_NC_012440-circular-gene_1738-gene_1798,61,2,2,,,gene_1738-gene_1798:24.86544595742554,gene_1739-gene_1798:16.32122562097677,,
VIRSorter_643692052_NC_012490,6135,VIRSorter_643692052_NC_012490-gene_2276-gene_2334,59,2,4,gene_2278-gene_2334:6.07906231793077,,gene_2276-gene_2334:29.83164796520787,,,
VIRSorter_643692052_NC_012490,6135,VIRSorter_643692052_NC_012490-gene_2510-gene_2597,88,2,2,,,gene_2510-gene_2597:34.01585868507219,gene_2513-gene_2596:16.50054535217280,,gene_2514-gene_2539:5.14942156458038
VIRSorter_644736375_NC_012850,4601,VIRSorter_644736375_NC_012850-gene_823-gene_861,39,2,1,,,gene_823-gene_861:5.20562477281377,gene_827-gene_861:2.20916202991263,,
VIRSorter_646311903_NC_013222,3087,VIRSorter_646311903_NC_013222-gene_2691-gene_2741,51,2,1,,,gene_2695-gene_2741:24.14348333994857,gene_2691-gene_2741:6.99522421050045,,
VIRSorter_646311943_NC_013440,7011,VIRSorter_646311943_NC_013440-gene_1014-gene_1103,90,2,1,,,gene_1019-gene_1103:15.06999887740710,gene_1014-gene_1103:8.39978579502020,,
VIRSorter_646311943_NC_013440,7011,VIRSorter_646311943_NC_013440-gene_593-gene_803,211,2,2,,,gene_593-gene_692:20.11749472437689;gene_704-gene_803:22.08306285874381,gene_613-gene_708:11.94803659362662;gene_714-gene_803:12.31492658584887,,
VIRSorter_646311952_NC_013456,2888,VIRSorter_646311952_NC_013456-gene_1805-gene_1819,15,2,,gene_1805-gene_1819:3.45307268979602,gene_1808-gene_1819:10.16232427276541,gene_1805-gene_1819:2.98972329965491,,,
VIRSorter_646564576_NC_013960,3900,VIRSorter_646564576_NC_013960-gene_932-gene_1037,106,2,4,gene_939-gene_1037:4.65781536362468,,gene_932-gene_1031:25.45245455010772,,,
VIRSorter_646564595_NC_014010,2596,VIRSorter_646564595_NC_014010-gene_2295-gene_2316,22,2,2,,,gene_2295-gene_2316:4.60729138308742,,,
VIRSorter_646564595_NC_014010,2596,VIRSorter_646564595_NC_014010-gene_370-gene_416,47,2,5,gene_379-gene_416:4.92893254129622,,gene_370-gene_413:15.51310164839459,,,
VIRSorter_646564597_NC_014012,4030,VIRSorter_646564597_NC_014012-gene_2007-gene_2037,31,2,1,,,gene_2007-gene_2037:10.04906420228570,gene_2011-gene_2037:3.77657368967957,,
VIRSorter_647010922_NZ_ACZV01000004-circular,1414,VIRSorter_647010922_NZ_ACZV01000004-circular-gene_818-gene_861,44,2,6,gene_822-gene_849:19.11426944966354,,gene_818-gene_861:20.57834071039871,,,
VIRSorter_647533454_NZ_DS989898,3564,VIRSorter_647533454_NZ_DS989898-gene_1834-gene_1925,92,2,3,,,gene_1834-gene_1925:15.33240101458536,gene_1834-gene_1924:5.04429191009413,,
VIRSorter_647533516_NZ_DS990556,2829,VIRSorter_647533516_NZ_DS990556-gene_1296-gene_1378,83,2,2,,,gene_1296-gene_1378:12.65010595159024,gene_1296-gene_1378:8.59025781852111,,
VIRSorter_647533516_NZ_DS990556,2829,VIRSorter_647533516_NZ_DS990556-gene_624-gene_664,41,2,1,,,gene_624-gene_664:5.52399582777732,,,
VIRSorter_647533601_NZ_DS995281,3786,VIRSorter_647533601_NZ_DS995281-gene_3189-gene_3242,54,2,1,,,gene_3189-gene_3242:11.48974401511328,gene_3193-gene_3242:3.85671779512487,,
VIRSorter_647533810_NZ_DS999213,3659,VIRSorter_647533810_NZ_DS999213-gene_3456-gene_3479,24,2,2,,,gene_3456-gene_3479:4.39169720540279,,,
VIRSorter_647533937_NZ_DS999412-circular,4631,VIRSorter_647533937_NZ_DS999412-circular-gene_0-gene_50,50,2,4,gene_0-gene_28:3.70580019406877,,gene_0-gene_50:22.22213415722790,gene_29-gene_50:4.35188601687811,,
VIRSorter_647533937_NZ_DS999412-circular,4631,VIRSorter_647533937_NZ_DS999412-circular-gene_187-gene_234,48,2,2,gene_198-gene_234:13.28767160366652,,gene_187-gene_234:22.68459472344417,,,
VIRSorter_647533937_NZ_DS999412-circular,4631,VIRSorter_647533937_NZ_DS999412-circular-gene_1913-gene_1937,25,2,1,,,gene_1913-gene_1937:11.31323132223390,gene_1915-gene_1935:5.12056941142410,,
VIRSorter_647533937_NZ_DS999412-circular,4631,VIRSorter_647533937_NZ_DS999412-circular-gene_2641-gene_2698,58,2,1,,gene_2674-gene_2683:4.41826801456713,gene_2641-gene_2698:6.00114198602018,,,
VIRSorter_647533937_NZ_DS999412-circular,4631,VIRSorter_647533937_NZ_DS999412-circular-gene_3956-gene_3984,29,2,3,gene_3956-gene_3980:4.85765085166981,,gene_3956-gene_3984:10.25607343541233,,,
VIRSorter_647533937_NZ_DS999412-circular,4631,VIRSorter_647533937_NZ_DS999412-circular-gene_4032-gene_4081,50,2,4,gene_4034-gene_4070:6.01283524550873,,gene_4032-gene_4081:19.03324917914546,,,
VIRSorter_647533937_NZ_DS999412-circular,4631,VIRSorter_647533937_NZ_DS999412-circular-gene_905-gene_972,68,2,2,gene_926-gene_972:4.17116690004522,,gene_905-gene_972:23.20610566837169,gene_906-gene_946:2.65743538844744,,
VIRSorter_647535429_NZ_GG704599,2798,VIRSorter_647535429_NZ_GG704599-gene_2480-gene_2540,61,2,1,,,gene_2480-gene_2540:14.48404329208357,,,
VIRSorter_649633102_NC_014831,2450,VIRSorter_649633102_NC_014831-gene_17-gene_67,51,2,3,,,gene_17-gene_67:17.09892139235974,gene_17-gene_67:2.27270210557696,,
VIRSorter_650377919_CP001978,4187,VIRSorter_650377919_CP001978-gene_1950-gene_2018,69,2,2,,,gene_1950-gene_2018:25.21533584601761,gene_1950-gene_2018:8.93671364744297,gene_1955-gene_2017:2.63454369213220,
VIRSorter_650377919_CP001978,4187,VIRSorter_650377919_CP001978-gene_644-gene_703,60,2,5,gene_644-gene_683:9.41211574627110,,gene_644-gene_703:19.70006498135974,,,
VIRSorter_650377989_CP002377-circular,3048,VIRSorter_650377989_CP002377-circular-gene_2404-gene_2451,48,2,4,gene_2404-gene_2444:8.05440769351056,,gene_2404-gene_2451:10.36429523822072,,,
VIRSorter_650716032_NC_015275,4318,VIRSorter_650716032_NC_015275-gene_1198-gene_1217,20,2,1,,,gene_1198-gene_1217:3.15669265662725,,,
VIRSorter_650716032_NC_015275,4318,VIRSorter_650716032_NC_015275-gene_1849-gene_1912,64,2,3,gene_1876-gene_1887:2.16837588180933,,gene_1849-gene_1912:33.30145227300913,gene_1856-gene_1912:7.23278525348593,,gene_1849-gene_1911:4.48038255740862
VIRSorter_650716032_NC_015275,4318,VIRSorter_650716032_NC_015275-gene_2749-gene_2844,96,2,6,gene_2767-gene_2830:6.35070578123139,,gene_2749-gene_2844:31.14256492166080,gene_2749-gene_2844:3.90438947450257,,
VIRSorter_650716032_NC_015275,4318,VIRSorter_650716032_NC_015275-gene_735-gene_900,166,2,7,gene_748-gene_846:7.40218045832273,,gene_803-gene_900:34.88283969325477;gene_735-gene_778:20.08206242275041,gene_768-gene_867:4.26851309927429,,gene_804-gene_899:3.11086062400920
VIRSorter_650716032_NC_015275,4318,VIRSorter_650716032_NC_015275-gene_951-gene_1022,72,2,3,gene_951-gene_1007:2.17683045773357,,gene_951-gene_1020:35.35526595009260,gene_955-gene_1022:8.42996504267918,,gene_954-gene_988:6.65469307458821
VIRSorter_650716102_NC_015590,3664,VIRSorter_650716102_NC_015590-gene_1342-gene_1435,94,2,3,gene_1342-gene_1365:13.00412845391178,,gene_1342-gene_1435:39.43281288007780,gene_1366-gene_1421:7.68305343041279,,
VIRSorter_650716102_NC_015590,3664,VIRSorter_650716102_NC_015590-gene_1805-gene_1848,44,2,2,,,gene_1805-gene_1848:11.41268444812332,,,
VIRSorter_650716102_NC_015590,3664,VIRSorter_650716102_NC_015590-gene_2233-gene_2317,85,2,3,gene_2264-gene_2295:2.58256641208484,,gene_2255-gene_2317:25.86111456944679,gene_2233-gene_2316:5.36970512057808,,
VIRSorter_650716102_NC_015590,3664,VIRSorter_650716102_NC_015590-gene_229-gene_295,67,2,2,gene_229-gene_260:2.58256641208484,,gene_229-gene_285:23.58337406867403,gene_237-gene_295:2.80495081968945,,
VIRSorter_650716102_NC_015590,3664,VIRSorter_650716102_NC_015590-gene_750-gene_840,91,2,3,,,gene_756-gene_840:32.38584675272067,gene_750-gene_834:8.64022684181708,,
VIRSorter_650716148_NC_015711,7508,VIRSorter_650716148_NC_015711-gene_3723-gene_3820,98,2,1,,,gene_3723-gene_3820:30.85898074682415,gene_3724-gene_3820:21.43129551262809,,
VIRSorter_650716148_NC_015711,7508,VIRSorter_650716148_NC_015711-gene_5117-gene_5198,82,2,1,,,gene_5117-gene_5198:18.33321991505967,gene_5117-gene_5194:11.45185093483529,,
VIRSorter_650716148_NC_015711,7508,VIRSorter_650716148_NC_015711-gene_7448-gene_7507,60,2,2,,,gene_7448-gene_7507:9.44375970972917,,,
VIRSorter_651053104_CP002811,4594,VIRSorter_651053104_CP002811-gene_1372-gene_1427,56,2,4,gene_1384-gene_1427:4.00970215770418,,gene_1372-gene_1427:12.52915907784672,,,gene_1388-gene_1401:4.50895731873627
VIRSorter_651053104_CP002811,4594,VIRSorter_651053104_CP002811-gene_2311-gene_2346,36,2,1,,gene_2311-gene_2341:4.60935397803184,gene_2311-gene_2346:9.00603598018865,,,gene_2313-gene_2338:4.08719561066635
VIRSorter_651053104_CP002811,4594,VIRSorter_651053104_CP002811-gene_3763-gene_3823,61,2,4,gene_3765-gene_3805:2.95169155012357,,gene_3763-gene_3823:14.26537154626118,,,
VIRSorter_2503755728_Ddes_Contig54,3541,VIRSorter_2503755728_Ddes_Contig54-gene_2498-gene_2537,40,3,,,,gene_2498-gene_2537:10.27258497519906,gene_2499-gene_2537:6.32246615344519,,
VIRSorter_2504404809_AMB_SN2,4344,VIRSorter_2504404809_AMB_SN2-gene_1202-gene_1245,44,3,,,,gene_1202-gene_1245:6.94474743444697,gene_1202-gene_1245:6.94474743444697,,gene_1202-gene_1244:4.34254820874242
VIRSorter_2504404809_AMB_SN2,4344,VIRSorter_2504404809_AMB_SN2-gene_2113-gene_2134,22,3,,,,gene_2113-gene_2134:9.30941250723860,gene_2113-gene_2134:5.78516384893432,,
VIRSorter_2504404809_AMB_SN2,4344,VIRSorter_2504404809_AMB_SN2-gene_3425-gene_3481,57,3,,,,gene_3425-gene_3481:7.23014515731972,gene_3425-gene_3481:4.75070410024759,,
VIRSorter_2504643033_SYNPCC8807DRAFT_8807_chromosome,2837,VIRSorter_2504643033_SYNPCC8807DRAFT_8807_chromosome-gene_80-gene_98,19,3,,,,gene_80-gene_98:5.60580131176487,gene_80-gene_96:4.29877235905778,,
VIRSorter_2504643047_SYNPCC73109DRAFT_73109_chromosome,2871,VIRSorter_2504643047_SYNPCC73109DRAFT_73109_chromosome-gene_1788-gene_1815,28,3,,,,gene_1788-gene_1815:6.92680665904955,gene_1788-gene_1815:4.50023770228445,,
VIRSorter_2504643047_SYNPCC73109DRAFT_73109_chromosome,2871,VIRSorter_2504643047_SYNPCC73109DRAFT_73109_chromosome-gene_1921-gene_1942,22,3,,,,gene_1921-gene_1942:9.49208295243755,gene_1921-gene_1942:5.96783429413327,,
VIRSorter_2504762402_Contig38,4614,VIRSorter_2504762402_Contig38-gene_1644-gene_1740,97,3,,,,gene_1644-gene_1740:6.75701450885964,gene_1647-gene_1736:3.32837692018035,,
VIRSorter_2504762402_Contig38,4614,VIRSorter_2504762402_Contig38-gene_2938-gene_2958,21,3,,,,gene_2938-gene_2958:6.70308410327933,gene_2946-gene_2958:3.18707765104526,,
VIRSorter_2506485008_Contig317,4900,VIRSorter_2506485008_Contig317-gene_2764-gene_2782,19,3,,,,gene_2764-gene_2782:5.36493110829743,gene_2764-gene_2782:5.36493110829743,,
VIRSorter_2506485008_Contig317,4900,VIRSorter_2506485008_Contig317-gene_4705-gene_4893,189,3,,,,gene_4795-gene_4893:6.25931662314626;gene_4705-gene_4716:2.48334493882892,gene_4705-gene_4804:2.54688380406702,,
VIRSorter_2506535018_Aquba_Contig381,4879,VIRSorter_2506535018_Aquba_Contig381-gene_2596-gene_2688,93,3,,,,gene_2596-gene_2688:5.08689944541295,gene_2597-gene_2688:2.91423130971448,,
VIRSorter_2506535018_Aquba_Contig381,4879,VIRSorter_2506535018_Aquba_Contig381-gene_3222-gene_3322,101,3,,,,gene_3224-gene_3322:8.96263447315328,gene_3222-gene_3321:8.69616753810533,,
VIRSorter_2506535018_Aquba_Contig381,4879,VIRSorter_2506535018_Aquba_Contig381-gene_4305-gene_4334,30,3,,,,gene_4305-gene_4334:5.42607965668469,gene_4305-gene_4334:4.30985785105161,,
VIRSorter_2506842939_Thimo_Contig50,3624,VIRSorter_2506842939_Thimo_Contig50-gene_2222-gene_2287,66,3,,,,gene_2222-gene_2287:6.72580566751993,gene_2224-gene_2287:3.59669096880192,,
VIRSorter_2506842939_Thimo_Contig50,3624,VIRSorter_2506842939_Thimo_Contig50-gene_758-gene_820,63,3,,,,gene_758-gene_820:5.32046014753746,gene_758-gene_820:2.50265132514264,,
VIRSorter_2507267692_KS49_KORDI_49_1,2552,VIRSorter_2507267692_KS49_KORDI_49_1-gene_1041-gene_1136,96,3,,,,gene_1041-gene_1136:12.39286616294615,gene_1041-gene_1136:5.95864911587631,,
VIRSorter_2507267692_KS49_KORDI_49_1,2552,VIRSorter_2507267692_KS49_KORDI_49_1-gene_1148-gene_1217,70,3,,,,gene_1148-gene_1217:6.43228298591639,gene_1148-gene_1217:4.97503355261076,,
VIRSorter_2507267692_KS49_KORDI_49_1,2552,VIRSorter_2507267692_KS49_KORDI_49_1-gene_1739-gene_1755,17,3,,,,gene_1739-gene_1755:4.34569313135370,gene_1739-gene_1755:2.86009944079995,,
VIRSorter_2507267692_KS49_KORDI_49_1,2552,VIRSorter_2507267692_KS49_KORDI_49_1-gene_2109-gene_2199,91,3,,,,gene_2109-gene_2194:10.82503506465940,gene_2109-gene_2199:7.85275427680289,,gene_2116-gene_2131:2.21154397703564
VIRSorter_2507267692_KS49_KORDI_49_1,2552,VIRSorter_2507267692_KS49_KORDI_49_1-gene_789-gene_843,55,3,,,,gene_789-gene_843:25.74575310865240,gene_795-gene_843:17.22128593315113,,
VIRSorter_2507267693_KS52_KORDI_52_1,2705,VIRSorter_2507267693_KS52_KORDI_52_1-gene_1245-gene_1272,28,3,,,,gene_1245-gene_1272:5.69135326104837,gene_1245-gene_1272:5.69135326104837,,
VIRSorter_2507267693_KS52_KORDI_52_1,2705,VIRSorter_2507267693_KS52_KORDI_52_1-gene_1479-gene_1578,100,3,,,,gene_1479-gene_1578:21.50871522147916,gene_1479-gene_1578:18.65383402620892,,
VIRSorter_2507267693_KS52_KORDI_52_1,2705,VIRSorter_2507267693_KS52_KORDI_52_1-gene_1703-gene_1747,45,3,,,,gene_1703-gene_1747:16.12138781308709,gene_1703-gene_1747:16.12138781308709,,
VIRSorter_2507267693_KS52_KORDI_52_1,2705,VIRSorter_2507267693_KS52_KORDI_52_1-gene_1871-gene_1934,64,3,,,,gene_1871-gene_1934:6.69833496306617,gene_1871-gene_1909:4.49091989883990,,gene_1873-gene_1906:6.08140629916128
VIRSorter_2507267693_KS52_KORDI_52_1,2705,VIRSorter_2507267693_KS52_KORDI_52_1-gene_2069-gene_2111,43,3,,,,gene_2069-gene_2111:7.61936770974447,gene_2069-gene_2111:5.65552372291313,,
VIRSorter_2507267693_KS52_KORDI_52_1,2705,VIRSorter_2507267693_KS52_KORDI_52_1-gene_513-gene_541,29,3,,,,gene_513-gene_541:6.28747039086595,gene_513-gene_541:4.00648666688940,,
VIRSorter_2507267693_KS52_KORDI_52_1,2705,VIRSorter_2507267693_KS52_KORDI_52_1-gene_763-gene_810,48,3,,,,gene_763-gene_810:4.66369097385989,gene_763-gene_810:3.84627484357567,,
VIRSorter_2507267693_KS52_KORDI_52_1,2705,VIRSorter_2507267693_KS52_KORDI_52_1-gene_986-gene_1073,88,3,,,,gene_986-gene_1073:13.44056379600003,gene_994-gene_1073:11.17865172238802,,
VIRSorter_2507267694_KS100_Contig_1,2865,VIRSorter_2507267694_KS100_Contig_1-gene_1083-gene_1181,99,3,,,,gene_1083-gene_1181:17.20644024891287,gene_1084-gene_1181:14.11959867464103,,
VIRSorter_2507267694_KS100_Contig_1,2865,VIRSorter_2507267694_KS100_Contig_1-gene_1550-gene_1564,15,3,,,,gene_1550-gene_1564:4.75180993826084,gene_1551-gene_1564:4.07449579318155,,
VIRSorter_2507267694_KS100_Contig_1,2865,VIRSorter_2507267694_KS100_Contig_1-gene_1651-gene_1717,67,3,,,,gene_1651-gene_1717:6.51779067980829,gene_1651-gene_1717:2.96878752801920,,
VIRSorter_2507267694_KS100_Contig_1,2865,VIRSorter_2507267694_KS100_Contig_1-gene_1733-gene_1831,99,3,,,,gene_1733-gene_1831:17.20644024891287,gene_1733-gene_1831:12.97138099587023,,
VIRSorter_2507267694_KS100_Contig_1,2865,VIRSorter_2507267694_KS100_Contig_1-gene_2360-gene_2459,100,3,,,,gene_2360-gene_2459:12.65151017747164,gene_2360-gene_2459:11.87185019239497,,
VIRSorter_2507267694_KS100_Contig_1,2865,VIRSorter_2507267694_KS100_Contig_1-gene_627-gene_665,39,3,,,,gene_627-gene_665:7.47331448537751,gene_634-gene_662:6.26201927299160,,
VIRSorter_2507281848_Syn8016_Contig50_1,2802,VIRSorter_2507281848_Syn8016_Contig50_1-gene_1207-gene_1278,72,3,,,,gene_1207-gene_1262:7.80154390393094,gene_1207-gene_1278:3.75495019139738,,
VIRSorter_2507281848_Syn8016_Contig50_1,2802,VIRSorter_2507281848_Syn8016_Contig50_1-gene_125-gene_224,100,3,,,,gene_125-gene_224:7.57477451433313,gene_125-gene_224:6.27756352911680,,gene_125-gene_224:6.14266289299219
VIRSorter_2507281848_Syn8016_Contig50_1,2802,VIRSorter_2507281848_Syn8016_Contig50_1-gene_2305-gene_2399,95,3,,,,gene_2305-gene_2399:6.79899346418243,gene_2305-gene_2399:4.29681174762279,,
VIRSorter_2507281848_Syn8016_Contig50_1,2802,VIRSorter_2507281848_Syn8016_Contig50_1-gene_2667-gene_2690,24,3,,,,gene_2667-gene_2690:5.81097898845445,gene_2667-gene_2690:5.81097898845445,,
VIRSorter_2507281848_Syn8016_Contig50_1,2802,VIRSorter_2507281848_Syn8016_Contig50_1-gene_297-gene_400,104,3,,,,gene_301-gene_400:41.84489833898279,gene_297-gene_396:24.53859291856475,gene_310-gene_376:2.23794569697929,gene_331-gene_390:3.61754177852877
VIRSorter_2507281848_Syn8016_Contig50_1,2802,VIRSorter_2507281848_Syn8016_Contig50_1-gene_33-gene_80,48,3,,,,gene_33-gene_80:22.90615890748396,gene_33-gene_80:22.90615890748396,,
VIRSorter_2507281848_Syn8016_Contig50_1,2802,VIRSorter_2507281848_Syn8016_Contig50_1-gene_494-gene_593,100,3,,,,gene_494-gene_593:5.04845305420327,gene_494-gene_593:2.27166014089685,,
VIRSorter_2508501807_SacmaDRAFT_SMG_1,5772,VIRSorter_2508501807_SacmaDRAFT_SMG_1-gene_13-gene_105,93,3,,,,gene_13-gene_105:18.41451296172917,gene_21-gene_105:10.79467849885609,,
VIRSorter_2508501807_SacmaDRAFT_SMG_1,5772,VIRSorter_2508501807_SacmaDRAFT_SMG_1-gene_4114-gene_4201,88,3,,,,gene_4114-gene_4201:17.68914356951216,gene_4134-gene_4171:12.84093565075110,,
VIRSorter_2508501807_SacmaDRAFT_SMG_1,5772,VIRSorter_2508501807_SacmaDRAFT_SMG_1-gene_5225-gene_5315,91,3,,,,gene_5225-gene_5315:12.89042409768915,gene_5254-gene_5315:12.60250378342203,,
VIRSorter_2508526980_Oweho_Contig158_1,3452,VIRSorter_2508526980_Oweho_Contig158_1-gene_3095-gene_3160,66,3,,,,gene_3095-gene_3160:32.82210205531162,gene_3112-gene_3160:13.18614657603625,,
VIRSorter_2508527215_MycrhN_Contig54_1,6262,VIRSorter_2508527215_MycrhN_Contig54_1-gene_2757-gene_2855,99,3,,,,gene_2757-gene_2855:8.15169814701688,gene_2757-gene_2855:8.15169814701688,,
VIRSorter_2509292655_ThesiDRAFT_TSF_1,2779,VIRSorter_2509292655_ThesiDRAFT_TSF_1-gene_932-gene_1033,102,3,,,,gene_958-gene_1033:14.52563444834769,gene_932-gene_1029:9.48307386023605,,
VIRSorter_2509292657_JoomaDRAFT_JMA_2,3404,VIRSorter_2509292657_JoomaDRAFT_JMA_2-gene_188-gene_250,63,3,,,,gene_188-gene_250:8.61450311597209,gene_188-gene_249:4.88805112222297,,
VIRSorter_2509602057_Halha_Contig26_1,2570,VIRSorter_2509602057_Halha_Contig26_1-gene_1232-gene_1253,22,3,,,,gene_1232-gene_1253:4.61175629253218,gene_1232-gene_1253:2.21383586088400,,
VIRSorter_2509602057_Halha_Contig26_1,2570,VIRSorter_2509602057_Halha_Contig26_1-gene_1873-gene_1921,49,3,,,,gene_1873-gene_1921:6.95698378013147,gene_1876-gene_1921:5.40832066095733,,gene_1875-gene_1921:10.63360430100385
VIRSorter_2511051433_CP002901,3709,VIRSorter_2511051433_CP002901-gene_2025-gene_2117,93,3,,,,gene_2025-gene_2117:11.59787015802797,gene_2025-gene_2117:5.84321157081073,,
VIRSorter_2511051433_CP002901,3709,VIRSorter_2511051433_CP002901-gene_2545-gene_2686,142,3,,,,gene_2553-gene_2652:36.16296031345532;gene_2657-gene_2686:6.74703846131493,gene_2545-gene_2639:24.82830378768895;gene_2644-gene_2686:5.51604606935234,gene_2572-gene_2667:4.11323779959694,gene_2611-gene_2666:4.23748256422174
VIRSorter_2511051433_CP002901,3709,VIRSorter_2511051433_CP002901-gene_2995-gene_3110,116,3,,,,gene_3011-gene_3110:18.51435637264814,gene_2995-gene_3064:4.80973860535499;gene_3081-gene_3110:11.00140231368090,,gene_3023-gene_3109:5.84373449551838
VIRSorter_2511051433_CP002901,3709,VIRSorter_2511051433_CP002901-gene_385-gene_538,154,3,,,,gene_385-gene_481:6.20226256617705,gene_443-gene_538:3.39919680622998,,
VIRSorter_2511244427_NC_016078,3849,VIRSorter_2511244427_NC_016078-gene_2577-gene_2641,65,3,,,,gene_2577-gene_2641:7.02156507841665,gene_2582-gene_2597:2.05456362892424,,
VIRSorter_2512205695_CP002987,3683,VIRSorter_2512205695_CP002987-gene_1133-gene_1210,78,3,,,,gene_1133-gene_1210:19.60216531350315,gene_1138-gene_1202:13.42160730554046,gene_1158-gene_1210:2.60069539117680,
VIRSorter_2512564983_OA238_c,5604,VIRSorter_2512564983_OA238_c-gene_4348-gene_4433,86,3,,,,gene_4348-gene_4433:18.60692795256327,gene_4348-gene_4432:4.94399280383834,,
VIRSorter_2512571803_NC_016940,3406,VIRSorter_2512571803_NC_016940-gene_112-gene_205,94,3,,,,gene_112-gene_205:4.41672198261319,gene_112-gene_205:2.16431271540465,,
VIRSorter_2512571803_NC_016940,3406,VIRSorter_2512571803_NC_016940-gene_2600-gene_2706,107,3,,,,gene_2609-gene_2706:8.68149963443730,gene_2600-gene_2699:4.37302628533457,,
VIRSorter_2512571803_NC_016940,3406,VIRSorter_2512571803_NC_016940-gene_270-gene_366,97,3,,,,gene_270-gene_366:7.55915636981010,gene_270-gene_365:4.00890266056285,,
VIRSorter_2512571803_NC_016940,3406,VIRSorter_2512571803_NC_016940-gene_2711-gene_2913,203,3,,,,gene_2816-gene_2913:6.01111222172367;gene_2711-gene_2806:2.34523418714668,gene_2742-gene_2840:2.88347152553785,,
VIRSorter_2512571803_NC_016940,3406,VIRSorter_2512571803_NC_016940-gene_3144-gene_3226,83,3,,,,gene_3144-gene_3226:6.33093406726180,gene_3150-gene_3226:3.79782188537593,,
VIRSorter_2512571803_NC_016940,3406,VIRSorter_2512571803_NC_016940-gene_3304-gene_3403,100,3,,,,gene_3307-gene_3403:4.99084946339625,gene_3304-gene_3403:2.70696320391027,,
VIRSorter_2512571803_NC_016940,3406,VIRSorter_2512571803_NC_016940-gene_493-gene_534,42,3,,,,gene_493-gene_534:6.96718998199274,gene_493-gene_534:6.96718998199274,,
VIRSorter_2513256208_cola_cola-finished-ohne-overlap_screen_ace_1_1,4264,VIRSorter_2513256208_cola_cola-finished-ohne-overlap_screen_ace_1_1-gene_1353-gene_1442,90,3,,,,gene_1353-gene_1442:5.19138381758843,gene_1430-gene_1442:3.22176039787403,,
VIRSorter_2513256208_cola_cola-finished-ohne-overlap_screen_ace_1_1,4264,VIRSorter_2513256208_cola_cola-finished-ohne-overlap_screen_ace_1_1-gene_1839-gene_1896,58,3,,,,gene_1839-gene_1896:5.23126351608416,gene_1839-gene_1896:5.23126351608416,,
VIRSorter_2513256208_cola_cola-finished-ohne-overlap_screen_ace_1_1,4264,VIRSorter_2513256208_cola_cola-finished-ohne-overlap_screen_ace_1_1-gene_1922-gene_1992,71,3,,,,gene_1922-gene_1992:6.66711803143993,gene_1922-gene_1992:6.66711803143993,,
VIRSorter_2513256208_cola_cola-finished-ohne-overlap_screen_ace_1_1,4264,VIRSorter_2513256208_cola_cola-finished-ohne-overlap_screen_ace_1_1-gene_2288-gene_2356,69,3,,,,gene_2288-gene_2348:4.33328202102211,gene_2288-gene_2356:3.63069316467870,,
VIRSorter_2513256208_cola_cola-finished-ohne-overlap_screen_ace_1_1,4264,VIRSorter_2513256208_cola_cola-finished-ohne-overlap_screen_ace_1_1-gene_2454-gene_2545,92,3,,,,gene_2454-gene_2545:10.28463068163592,gene_2454-gene_2545:8.06576558088764,,gene_2469-gene_2515:2.59655524950818
VIRSorter_2513256208_cola_cola-finished-ohne-overlap_screen_ace_1_1,4264,VIRSorter_2513256208_cola_cola-finished-ohne-overlap_screen_ace_1_1-gene_3380-gene_3408,29,3,,,,gene_3380-gene_3408:7.36589110978558,gene_3380-gene_3408:7.36589110978558,,
VIRSorter_2513256208_cola_cola-finished-ohne-overlap_screen_ace_1_1,4264,VIRSorter_2513256208_cola_cola-finished-ohne-overlap_screen_ace_1_1-gene_3978-gene_4033,56,3,,,,gene_3978-gene_4033:8.53158453939020,gene_3985-gene_4033:4.95717372732825,,
VIRSorter_2513256208_cola_cola-finished-ohne-overlap_screen_ace_1_1,4264,VIRSorter_2513256208_cola_cola-finished-ohne-overlap_screen_ace_1_1-gene_725-gene_777,53,3,,,,gene_725-gene_777:6.09604116549814,gene_725-gene_777:3.66145867073221,,
VIRSorter_2513265731_NZ_AGIF02000001,2478,VIRSorter_2513265731_NZ_AGIF02000001-gene_1886-gene_1902,17,3,,,,gene_1886-gene_1902:4.35875294989757,gene_1886-gene_1902:2.87315925934381,,
VIRSorter_2515169221_B108DRAFT_scaffold_25_26-circular,49,VIRSorter_2515169221_B108DRAFT_scaffold_25_26-circular-gene_3-gene_14,12,3,,,,gene_3-gene_14:5.21395588856778,gene_3-gene_12:2.27310140098053,,
VIRSorter_2517093774_Syn9616DRAFT_scaffold1_1-circular,2781,VIRSorter_2517093774_Syn9616DRAFT_scaffold1_1-circular-gene_1000-gene_1097,98,3,,,,gene_1000-gene_1097:7.40089013978639,gene_1000-gene_1097:4.87004555777500,,
VIRSorter_2517093774_Syn9616DRAFT_scaffold1_1-circular,2781,VIRSorter_2517093774_Syn9616DRAFT_scaffold1_1-circular-gene_1105-gene_1199,95,3,,,,gene_1105-gene_1199:18.83713199033521,gene_1107-gene_1197:14.06312520037775,,gene_1105-gene_1198:13.70756890002581
VIRSorter_2517093774_Syn9616DRAFT_scaffold1_1-circular,2781,VIRSorter_2517093774_Syn9616DRAFT_scaffold1_1-circular-gene_2737-gene_2781,45,3,,,,gene_2737-gene_2781:9.79939736028774,gene_2737-gene_2781:8.71739686241443,,gene_2737-gene_2781:5.95118934231122
VIRSorter_2517093774_Syn9616DRAFT_scaffold1_1-circular,2781,VIRSorter_2517093774_Syn9616DRAFT_scaffold1_1-circular-gene_6-gene_37,32,3,,,,gene_6-gene_37:6.84705003926365,gene_6-gene_34:6.27519498065741,,
VIRSorter_2517093774_Syn9616DRAFT_scaffold1_1-circular,2781,VIRSorter_2517093774_Syn9616DRAFT_scaffold1_1-circular-gene_831-gene_853,23,3,,,,gene_831-gene_853:8.24195650795170,gene_831-gene_853:6.62024111253411,,
VIRSorter_2517287732_B044DRAFT_scaffold1_1,2615,VIRSorter_2517287732_B044DRAFT_scaffold1_1-gene_77-gene_121,45,3,,,,gene_77-gene_121:8.74467242188763,gene_83-gene_120:6.94921338158295,,
VIRSorter_2517487235_scaffold00006,4444,VIRSorter_2517487235_scaffold00006-gene_2686-gene_2731,46,3,,,,gene_2686-gene_2731:4.29836739237142,gene_2686-gene_2731:3.47024881893822,,
VIRSorter_2517487235_scaffold00006,4444,VIRSorter_2517487235_scaffold00006-gene_2798-gene_2848,51,3,,,,gene_2798-gene_2844:15.73573734576154,gene_2799-gene_2848:6.31920050156975,,
VIRSorter_2519109854_F550DRAFT_scaffold00001_1-circular,3236,VIRSorter_2519109854_F550DRAFT_scaffold00001_1-circular-gene_2034-gene_2059,26,3,,,,gene_2034-gene_2059:4.42955319920529,gene_2034-gene_2058:2.73849293333322,,
VIRSorter_2519117607_CP003746,3982,VIRSorter_2519117607_CP003746-gene_2821-gene_2874,54,3,,,,gene_2823-gene_2856:9.13743671518831,gene_2821-gene_2874:5.77136231103584,,
VIRSorter_2519942254_C505DRAFT_scaffold00018_18-circular,81,VIRSorter_2519942254_C505DRAFT_scaffold00018_18-circular-gene_25-gene_80,56,3,,,,gene_25-gene_80:20.73981987283279,gene_26-gene_80:15.26018945422641,,gene_28-gene_80:2.97122170717440
VIRSorter_2521191523_Phaar_neu_scaffold_2516677464_1,4114,VIRSorter_2521191523_Phaar_neu_scaffold_2516677464_1-gene_2349-gene_2393,45,3,,,,gene_2349-gene_2393:17.42805458047215,gene_2350-gene_2392:2.08246365708829,,
VIRSorter_2521191523_Phaar_neu_scaffold_2516677464_1,4114,VIRSorter_2521191523_Phaar_neu_scaffold_2516677464_1-gene_4099-gene_4114,16,3,,,,gene_4099-gene_4114:5.26945889537038,gene_4102-gene_4113:2.56020231505321,,
VIRSorter_2521194441_CP003845,3795,VIRSorter_2521194441_CP003845-gene_2019-gene_2052,34,3,,,,gene_2019-gene_2052:6.71264293408651,gene_2019-gene_2052:6.71264293408651,,
VIRSorter_2521194451_CP003466,4441,VIRSorter_2521194451_CP003466-gene_2064-gene_2140,77,3,,,,gene_2064-gene_2140:6.40608602947341,gene_2064-gene_2137:3.73193951979336,,
VIRSorter_2523241327_G578DRAFT_scaffold00006_6-circular,92,VIRSorter_2523241327_G578DRAFT_scaffold00006_6-circular-gene_57-gene_74,18,3,,,,gene_57-gene_74:8.64932722865328,gene_57-gene_74:8.64932722865328,,
VIRSorter_2524031327_Shewanella,3897,VIRSorter_2524031327_Shewanella-gene_142-gene_160,19,3,,,,gene_142-gene_160:5.46564413363456,gene_142-gene_160:5.46564413363456,,
VIRSorter_2524037964_FO203503,4557,VIRSorter_2524037964_FO203503-gene_3169-gene_3261,93,3,,,,gene_3169-gene_3261:14.84749902854359,gene_3169-gene_3224:9.45322031188432,,
VIRSorter_2524663017_G410DRAFT_scaffold00003_3-circular,468,VIRSorter_2524663017_G410DRAFT_scaffold00003_3-circular-gene_442-gene_469,28,3,,,,gene_444-gene_469:6.53991040682418,gene_442-gene_469:2.32187412501830,,
VIRSorter_2524708640_K337DRAFT_scaffold00002_2-circular,1105,VIRSorter_2524708640_K337DRAFT_scaffold00002_2-circular-gene_452-gene_550,99,3,,,,gene_452-gene_550:9.62452907480485,gene_452-gene_550:8.23904496624714,,
VIRSorter_2526166614_K365DRAFT_scaffold00001_1,4505,VIRSorter_2526166614_K365DRAFT_scaffold00001_1-gene_1819-gene_1840,22,3,,,,gene_1819-gene_1840:5.76916354683653,gene_1819-gene_1840:4.36400933502289,,
VIRSorter_2526166614_K365DRAFT_scaffold00001_1,4505,VIRSorter_2526166614_K365DRAFT_scaffold00001_1-gene_2054-gene_2120,67,3,,,,gene_2054-gene_2120:7.10634617068982,gene_2088-gene_2120:2.97909256641934,,gene_2078-gene_2117:2.28566364819221
VIRSorter_2526166614_K365DRAFT_scaffold00001_1,4505,VIRSorter_2526166614_K365DRAFT_scaffold00001_1-gene_2939-gene_3028,90,3,,,,gene_2939-gene_3028:11.68561028465704,gene_2939-gene_3025:5.87859976705679,,
VIRSorter_2526166614_K365DRAFT_scaffold00001_1,4505,VIRSorter_2526166614_K365DRAFT_scaffold00001_1-gene_70-gene_137,68,3,,,,gene_70-gene_135:26.16646303290409,gene_71-gene_137:13.41094292652180,,
VIRSorter_2526170607_CA2559_HTCC2559_1,2677,VIRSorter_2526170607_CA2559_HTCC2559_1-gene_53-gene_93,41,3,,,,gene_58-gene_93:4.80773012373300,gene_53-gene_93:2.10564164480564,,
VIRSorter_2537605091_AODW01000026-circular,176,VIRSorter_2537605091_AODW01000026-circular-gene_76-gene_93,18,3,,,,gene_76-gene_93:6.30978841721312,gene_76-gene_93:6.30978841721312,,
VIRSorter_2540348160_CP001397,3416,VIRSorter_2540348160_CP001397-gene_208-gene_273,66,3,,,,gene_208-gene_273:5.22292172341782,gene_208-gene_273:3.12714792736818,,
VIRSorter_2540348160_CP001397,3416,VIRSorter_2540348160_CP001397-gene_2236-gene_2319,84,3,,,,gene_2236-gene_2319:4.11650656025327,gene_2239-gene_2319:2.93226368626558,,
VIRSorter_2540348160_CP001397,3416,VIRSorter_2540348160_CP001397-gene_2556-gene_2669,114,3,,,,gene_2579-gene_2669:7.03027970345744,gene_2556-gene_2655:2.70566950476506,,
VIRSorter_2540348160_CP001397,3416,VIRSorter_2540348160_CP001397-gene_2886-gene_3002,117,3,,,,gene_2903-gene_3002:5.56694210930461,gene_2886-gene_2985:4.37173258618935,,
VIRSorter_2540348160_CP001397,3416,VIRSorter_2540348160_CP001397-gene_592-gene_685,94,3,,,,gene_592-gene_685:25.39907900764763,gene_592-gene_685:16.37155044567828,,
VIRSorter_2540348160_CP001397,3416,VIRSorter_2540348160_CP001397-gene_783-gene_806,24,3,,,,gene_783-gene_806:7.16931026754600,gene_786-gene_805:3.25991214354232,,
VIRSorter_2540348203_FO203427,3295,VIRSorter_2540348203_FO203427-gene_1208-gene_1305,98,3,,,,gene_1208-gene_1305:11.65030413259945,gene_1208-gene_1305:6.66710031790898,,
VIRSorter_2540348206_FO203363,3667,VIRSorter_2540348206_FO203363-gene_1760-gene_1807,48,3,,,,gene_1760-gene_1807:6.27962971142746,gene_1768-gene_1807:3.96626160375178,,
VIRSorter_2540348206_FO203363,3667,VIRSorter_2540348206_FO203363-gene_476-gene_491,16,3,,,,gene_476-gene_491:5.32011696737955,gene_477-gene_488:2.61086038706238,,
VIRSorter_2540355318_H276DRAFT_scaffold00001_1-circular,3704,VIRSorter_2540355318_H276DRAFT_scaffold00001_1-circular-gene_3183-gene_3282,100,3,,,,gene_3183-gene_3282:14.98644773208626,gene_3210-gene_3282:9.27839711200342,,
VIRSorter_2549075848_RCA23c,3168,VIRSorter_2549075848_RCA23c-gene_1269-gene_1366,98,3,,,,gene_1269-gene_1366:8.71348503616344,gene_1269-gene_1313:5.70390797745413,,
VIRSorter_2551322073_A132DRAFT_AJYX01000047_1_47-circular,39,VIRSorter_2551322073_A132DRAFT_AJYX01000047_1_47-circular-gene_8-gene_29,22,3,,,,gene_8-gene_29:4.90613493708837,gene_10-gene_29:3.77742014677936,,
VIRSorter_2554309016_CP006643,4864,VIRSorter_2554309016_CP006643-gene_4315-gene_4342,28,3,,,,gene_4315-gene_4342:4.26787947289639,gene_4315-gene_4339:2.55904803226995,,
VIRSorter_2556981731_CP006939,3312,VIRSorter_2556981731_CP006939-gene_2915-gene_3011,97,3,,,,gene_2915-gene_3011:4.40492252378189,gene_2915-gene_3011:2.71454711970919,,
VIRSorter_2556981731_CP006939,3312,VIRSorter_2556981731_CP006939-gene_612-gene_659,48,3,,,,gene_612-gene_659:8.23766394671751,gene_612-gene_659:6.32454659302299,,
VIRSorter_2558913389_P161DRAFT_scf7180000000002_quiver_dupTrim_7254_1,3453,VIRSorter_2558913389_P161DRAFT_scf7180000000002_quiver_dupTrim_7254_1-gene_1327-gene_1403,77,3,,,,gene_1327-gene_1403:10.43554072321963,gene_1337-gene_1403:2.88629720904358,,
VIRSorter_2558913389_P161DRAFT_scf7180000000002_quiver_dupTrim_7254_1,3453,VIRSorter_2558913389_P161DRAFT_scf7180000000002_quiver_dupTrim_7254_1-gene_2929-gene_2945,17,3,,,,gene_2929-gene_2945:6.02394790944381,gene_2929-gene_2945:2.72634071025500,,
VIRSorter_2558913389_P161DRAFT_scf7180000000002_quiver_dupTrim_7254_1,3453,VIRSorter_2558913389_P161DRAFT_scf7180000000002_quiver_dupTrim_7254_1-gene_719-gene_769,51,3,,,,gene_719-gene_769:7.87773164181515,gene_719-gene_769:6.05198452791651,,
VIRSorter_2558913391_P176DRAFT_scf7180000000002_quiver_dupTrim_6579_1,3571,VIRSorter_2558913391_P176DRAFT_scf7180000000002_quiver_dupTrim_6579_1-gene_1705-gene_1719,15,3,,,,gene_1705-gene_1719:4.65449841555134,gene_1705-gene_1718:2.24805930248435,,
VIRSorter_2558913391_P176DRAFT_scf7180000000002_quiver_dupTrim_6579_1,3571,VIRSorter_2558913391_P176DRAFT_scf7180000000002_quiver_dupTrim_6579_1-gene_211-gene_301,91,3,,,,gene_211-gene_301:4.42506986273360,gene_211-gene_301:3.24407757572418,,
VIRSorter_2558913391_P176DRAFT_scf7180000000002_quiver_dupTrim_6579_1,3571,VIRSorter_2558913391_P176DRAFT_scf7180000000002_quiver_dupTrim_6579_1-gene_3514-gene_3571,58,3,,,,gene_3514-gene_3571:33.77900665396088,gene_3514-gene_3571:22.70970026334844,,gene_3523-gene_3571:8.76572745712815
VIRSorter_2561539978_Calab_Cab_131026_1,3828,VIRSorter_2561539978_Calab_Cab_131026_1-gene_1456-gene_1505,50,3,,,,gene_1456-gene_1477:4.43566503347650,gene_1456-gene_1505:2.34264889406641,,
VIRSorter_2562628756_CP007203,4689,VIRSorter_2562628756_CP007203-gene_1941-gene_1987,47,3,,,,gene_1941-gene_1987:14.36632013073406,gene_1941-gene_1982:14.00289753771280,,
VIRSorter_2576887216_P163DRAFT_scf7180000000039_quiver_5,2307,VIRSorter_2576887216_P163DRAFT_scf7180000000039_quiver_5-gene_2212-gene_2298,87,3,,,,gene_2212-gene_2298:6.17429616961548,gene_2219-gene_2287:4.58305296948988,,
VIRSorter_2576887216_P163DRAFT_scf7180000000039_quiver_5,2307,VIRSorter_2576887216_P163DRAFT_scf7180000000039_quiver_5-gene_969-gene_1028,60,3,,,,gene_974-gene_1028:6.50788120943138,gene_969-gene_1028:4.15396424955977,,
VIRSorter_2585503063_EJ41DRAFT_scaffold00022_22-circular,33,VIRSorter_2585503063_EJ41DRAFT_scaffold00022_22-circular-gene_11-gene_33,23,3,,,,gene_11-gene_33:6.83126658461614,gene_11-gene_33:2.75174629013733,,
VIRSorter_2588286426_JAMC01000014-circular,27,VIRSorter_2588286426_JAMC01000014-circular-gene_3-gene_18,16,3,,,,gene_3-gene_18:5.35982069108468,gene_6-gene_18:4.87452461083974,,
VIRSorter_2596648949_LY87DRAFT_unitig_0_quiver_1,3149,VIRSorter_2596648949_LY87DRAFT_unitig_0_quiver_1-gene_1984-gene_2095,112,3,,,,gene_1999-gene_2095:9.70613200992117,gene_1984-gene_2080:5.64123498867141,,
VIRSorter_2596648949_LY87DRAFT_unitig_0_quiver_1,3149,VIRSorter_2596648949_LY87DRAFT_unitig_0_quiver_1-gene_3027-gene_3090,64,3,,,,gene_3027-gene_3090:5.84681992489723,gene_3027-gene_3090:5.09025100070441,,
VIRSorter_2596658995_LX98DRAFT_unitig_0_quiver_1,4162,VIRSorter_2596658995_LX98DRAFT_unitig_0_quiver_1-gene_1357-gene_1455,99,3,,,,gene_1357-gene_1455:5.08402734280131,gene_1357-gene_1455:3.34178137648585,,
VIRSorter_2596658995_LX98DRAFT_unitig_0_quiver_1,4162,VIRSorter_2596658995_LX98DRAFT_unitig_0_quiver_1-gene_923-gene_1015,93,3,,,,gene_923-gene_1015:5.79246851717937,gene_923-gene_1015:3.94006603767285,,
VIRSorter_2597512639_Ga0036914_gi564132530_1,3993,VIRSorter_2597512639_Ga0036914_gi564132530_1-gene_1826-gene_1849,24,3,,,,gene_1826-gene_1849:7.10052199584031,gene_1833-gene_1846:3.92797065797985,,
VIRSorter_2597512639_Ga0036914_gi564132530_1,3993,VIRSorter_2597512639_Ga0036914_gi564132530_1-gene_3097-gene_3192,96,3,,,,gene_3097-gene_3192:22.17935909062622,gene_3097-gene_3192:15.54024237770542,,gene_3114-gene_3184:3.90853603417263
VIRSorter_2597512639_Ga0036914_gi564132530_1,3993,VIRSorter_2597512639_Ga0036914_gi564132530_1-gene_3202-gene_3264,63,3,,,,gene_3202-gene_3264:10.35601495963621,gene_3216-gene_3264:8.69986507112092,,
VIRSorter_2622780069_CP011373,2596,VIRSorter_2622780069_CP011373-gene_56-gene_93,38,3,,,,gene_56-gene_93:4.92307791046747,gene_56-gene_93:4.92307791046747,,
VIRSorter_2622780069_CP011373,2596,VIRSorter_2622780069_CP011373-gene_873-gene_915,43,3,,,,gene_873-gene_915:5.67375790442823,gene_873-gene_915:5.67375790442823,,
VIRSorter_2622780072_scf7180000000004,3532,VIRSorter_2622780072_scf7180000000004-gene_1460-gene_1474,15,3,,,,gene_1460-gene_1474:4.65934120620159,gene_1461-gene_1474:3.98202706112230,,gene_1461-gene_1472:4.46220253207159
VIRSorter_2627929999_Ga0072914_123-circular,22,VIRSorter_2627929999_Ga0072914_123-circular-gene_1-gene_17,17,3,,,,gene_1-gene_17:9.55529907402686,gene_2-gene_17:5.63377540915574,,
VIRSorter_2630977684_Ga0081187_11-circular,6938,VIRSorter_2630977684_Ga0081187_11-circular-gene_1095-gene_1216,122,3,,,,gene_1095-gene_1188:4.71218419860265,gene_1118-gene_1216:3.11757094975557,,
VIRSorter_2630977684_Ga0081187_11-circular,6938,VIRSorter_2630977684_Ga0081187_11-circular-gene_2415-gene_2490,76,3,,,,gene_2415-gene_2490:8.81582548687340,gene_2416-gene_2490:6.78221315795732,,gene_2417-gene_2469:5.47339696451140
VIRSorter_2630977684_Ga0081187_11-circular,6938,VIRSorter_2630977684_Ga0081187_11-circular-gene_2685-gene_2781,97,3,,,,gene_2685-gene_2781:7.93284275105159,gene_2685-gene_2779:4.49674342131513,,gene_2770-gene_2779:2.24407635370229
VIRSorter_2630977684_Ga0081187_11-circular,6938,VIRSorter_2630977684_Ga0081187_11-circular-gene_4673-gene_4725,53,3,,,,gene_4673-gene_4725:10.66520815026752,gene_4673-gene_4725:8.63619410230741,,
VIRSorter_2630977684_Ga0081187_11-circular,6938,VIRSorter_2630977684_Ga0081187_11-circular-gene_5613-gene_5707,95,3,,,,gene_5613-gene_5707:6.40016933091442,gene_5613-gene_5698:3.98676029980757,,
VIRSorter_2630977684_Ga0081187_11-circular,6938,VIRSorter_2630977684_Ga0081187_11-circular-gene_6413-gene_6428,16,3,,,,gene_6413-gene_6428:5.04014406729205,gene_6413-gene_6428:3.25404124186502,,
VIRSorter_2630977684_Ga0081187_11-circular,6938,VIRSorter_2630977684_Ga0081187_11-circular-gene_828-gene_924,97,3,,,,gene_828-gene_924:4.67831261169897,gene_828-gene_924:2.93572382973142,,
VIRSorter_2630977689_Ga0081190_11,6851,VIRSorter_2630977689_Ga0081190_11-gene_2458-gene_2533,76,3,,,,gene_2458-gene_2533:8.82134907860666,gene_2458-gene_2522:5.97366520909132,,
VIRSorter_2630977689_Ga0081190_11,6851,VIRSorter_2630977689_Ga0081190_11-gene_4539-gene_4628,90,3,,,,gene_4539-gene_4628:3.15502449292252,gene_4541-gene_4622:2.42442911291012,,gene_4550-gene_4577:5.52224647349547
VIRSorter_2630977689_Ga0081190_11,6851,VIRSorter_2630977689_Ga0081190_11-gene_4792-gene_4891,100,3,,,,gene_4792-gene_4891:5.26122254848581,gene_4818-gene_4830:3.01372522378744,,
VIRSorter_2630977689_Ga0081190_11,6851,VIRSorter_2630977689_Ga0081190_11-gene_6748-gene_6761,14,3,,,,gene_6748-gene_6761:3.69103936886673,gene_6748-gene_6761:3.69103936886673,,gene_6748-gene_6761:6.10483761680069
VIRSorter_2630977689_Ga0081190_11,6851,VIRSorter_2630977689_Ga0081190_11-gene_827-gene_924,98,3,,,,gene_827-gene_924:7.68056779762362,gene_833-gene_924:2.76541135747203,,
VIRSorter_2631041750_Ga0081465_101,6340,VIRSorter_2631041750_Ga0081465_101-gene_1867-gene_1926,60,3,,,,gene_1867-gene_1926:5.21644685064677,gene_1869-gene_1926:2.13588685936196,,
VIRSorter_2631041750_Ga0081465_101,6340,VIRSorter_2631041750_Ga0081465_101-gene_2206-gene_2295,90,3,,,,gene_2206-gene_2295:4.38904863364452,gene_2210-gene_2294:3.62730870935499,,
VIRSorter_2631041750_Ga0081465_101,6340,VIRSorter_2631041750_Ga0081465_101-gene_3177-gene_3262,86,3,,,,gene_3177-gene_3262:4.02622678478153,gene_3177-gene_3262:2.25210525266879,,
VIRSorter_2631041750_Ga0081465_101,6340,VIRSorter_2631041750_Ga0081465_101-gene_4134-gene_4229,96,3,,,,gene_4134-gene_4229:8.23585880483359,gene_4182-gene_4216:7.06869849221191,,
VIRSorter_2631041829_Ga0081470_101,6451,VIRSorter_2631041829_Ga0081470_101-gene_3753-gene_3813,61,3,,,,gene_3753-gene_3813:4.15158776614022,gene_3753-gene_3813:2.73465956205830,,
VIRSorter_2631041829_Ga0081470_101,6451,VIRSorter_2631041829_Ga0081470_101-gene_4803-gene_4899,97,3,,,,gene_4803-gene_4899:6.61000300080652,gene_4803-gene_4899:4.11189725303682,,
VIRSorter_2631041829_Ga0081470_101,6451,VIRSorter_2631041829_Ga0081470_101-gene_874-gene_970,97,3,,,,gene_874-gene_970:7.96470726198955,gene_874-gene_970:5.32591929130999,,
VIRSorter_2643222989_Cab_131026,3827,VIRSorter_2643222989_Cab_131026-gene_3707-gene_3756,50,3,,,,gene_3707-gene_3728:4.43578012410441,gene_3707-gene_3756:2.34276398469433,,
VIRSorter_2663809665_Ga0114161_11,2618,VIRSorter_2663809665_Ga0114161_11-gene_1830-gene_1843,14,3,,,,gene_1830-gene_1843:4.11443861794221,gene_1830-gene_1843:4.11443861794221,,
VIRSorter_2663809665_Ga0114161_11,2618,VIRSorter_2663809665_Ga0114161_11-gene_533-gene_627,95,3,,,,gene_533-gene_627:11.12587543284719,gene_533-gene_627:7.49951016912828,,
VIRSorter_2667536837_Ga0104699_11,3496,VIRSorter_2667536837_Ga0104699_11-gene_1934-gene_1962,29,3,,,,gene_1934-gene_1962:6.17406925260750,gene_1934-gene_1957:4.41179160846670,,
VIRSorter_2667536837_Ga0104699_11,3496,VIRSorter_2667536837_Ga0104699_11-gene_7-gene_79,73,3,,,,gene_7-gene_79:15.78306029673660,gene_7-gene_69:10.41459007445381,,
VIRSorter_2667542034_Ga0114080_11,4695,VIRSorter_2667542034_Ga0114080_11-gene_3001-gene_3089,89,3,,,,gene_3001-gene_3089:12.00299848385526,gene_3001-gene_3089:8.86170511032477,,
VIRSorter_2667542047_Ga0105927_11,3982,VIRSorter_2667542047_Ga0105927_11-gene_3426-gene_3470,45,3,,,,gene_3426-gene_3470:4.70700719299987,gene_3426-gene_3469:4.20371451060073,,
VIRSorter_2667542047_Ga0105927_11,3982,VIRSorter_2667542047_Ga0105927_11-gene_397-gene_496,100,3,,,,gene_397-gene_496:11.72653955888750,gene_397-gene_496:5.49936833929315,,
VIRSorter_2675923119_Ga0104434_115-circular,167,VIRSorter_2675923119_Ga0104434_115-circular-gene_43-gene_152,110,3,,,,gene_43-gene_140:39.14398861292447,gene_54-gene_152:30.88362423451273,,
VIRSorter_2684693078_Ga0125241_11,3936,VIRSorter_2684693078_Ga0125241_11-gene_2209-gene_2245,37,3,,,,gene_2209-gene_2245:6.20737376698296,gene_2209-gene_2245:6.20737376698296,,
VIRSorter_2687454401_Ga0133388_11,3994,VIRSorter_2687454401_Ga0133388_11-gene_3422-gene_3469,48,3,,,,gene_3422-gene_3469:5.34716578073577,gene_3422-gene_3468:4.84399433720929,,
VIRSorter_2687454401_Ga0133388_11,3994,VIRSorter_2687454401_Ga0133388_11-gene_397-gene_493,97,3,,,,gene_397-gene_493:11.87666629605027,gene_397-gene_493:4.92065725152892,,
VIRSorter_2690318780_Ga0045920_11,3514,VIRSorter_2690318780_Ga0045920_11-gene_1547-gene_1599,53,3,,,,gene_1547-gene_1599:10.96397291313026,gene_1547-gene_1599:10.96397291313026,,
VIRSorter_2718228070_Ga0174825_11,6853,VIRSorter_2718228070_Ga0174825_11-gene_1046-gene_1120,75,3,,,,gene_1046-gene_1120:8.34189537703603,gene_1057-gene_1120:5.50503553707925,,
VIRSorter_2718228070_Ga0174825_11,6853,VIRSorter_2718228070_Ga0174825_11-gene_2654-gene_2751,98,3,,,,gene_2654-gene_2751:7.68044002637177,gene_2654-gene_2745:2.76528358622018,,
VIRSorter_2718228070_Ga0174825_11,6853,VIRSorter_2718228070_Ga0174825_11-gene_3669-gene_3682,14,3,,,,gene_3669-gene_3682:3.69091159761488,gene_3669-gene_3682:3.69091159761488,,gene_3669-gene_3682:6.10470984554884
VIRSorter_2718228070_Ga0174825_11,6853,VIRSorter_2718228070_Ga0174825_11-gene_5539-gene_5638,100,3,,,,gene_5539-gene_5638:5.26109477723396,gene_5600-gene_5612:3.01359745253559,,
VIRSorter_2718228070_Ga0174825_11,6853,VIRSorter_2718228070_Ga0174825_11-gene_5802-gene_5891,90,3,,,,gene_5802-gene_5891:3.15489672167067,gene_5808-gene_5889:2.42430134165827,,gene_5853-gene_5880:5.52211870224362
VIRSorter_2718228072_Ga0174827_11,2367,VIRSorter_2718228072_Ga0174827_11-gene_1264-gene_1293,30,3,,,,gene_1264-gene_1293:9.65079428288495,gene_1264-gene_1293:9.65079428288495,,gene_1264-gene_1293:2.12539650697709
VIRSorter_2718228132_Ga0175156_11,5492,VIRSorter_2718228132_Ga0175156_11-gene_4007-gene_4032,26,3,,,,gene_4007-gene_4032:8.24492575251129,gene_4007-gene_4031:4.81577704192326,,
VIRSorter_2718228224_Ga0176053_11,3085,VIRSorter_2718228224_Ga0176053_11-gene_1461-gene_1516,56,3,,,,gene_1461-gene_1516:11.63872669380925,gene_1463-gene_1515:11.02146307555542,,
VIRSorter_2718228273_Ga0174870_11,3997,VIRSorter_2718228273_Ga0174870_11-gene_1093-gene_1155,63,3,,,,gene_1093-gene_1155:8.54372114593571,gene_1095-gene_1155:3.63918668817382,,
VIRSorter_2718228273_Ga0174870_11,3997,VIRSorter_2718228273_Ga0174870_11-gene_2263-gene_2345,83,3,,,,gene_2263-gene_2345:4.27026034270001,gene_2263-gene_2327:3.98889242953182,,gene_2277-gene_2316:4.17285894571509
VIRSorter_2718228346_Ga0175161_11,2608,VIRSorter_2718228346_Ga0175161_11-gene_1608-gene_1701,94,3,,,,gene_1608-gene_1701:5.14280416733078,gene_1615-gene_1701:3.59952117395221,,
VIRSorter_2718228355_Ga0175168_11,3547,VIRSorter_2718228355_Ga0175168_11-gene_1545-gene_1628,84,3,,,,gene_1545-gene_1628:9.72910661741530,gene_1545-gene_1628:6.74945069752622,,
VIRSorter_2718228555_Ga0175862_11,3396,VIRSorter_2718228555_Ga0175862_11-gene_817-gene_837,21,3,,,,gene_817-gene_837:6.83804250038639,gene_817-gene_836:3.26250340708840,,
VIRSorter_2718228709_Ga0175363_11,3828,VIRSorter_2718228709_Ga0175363_11-gene_1456-gene_1505,50,3,,,,gene_1456-gene_1477:4.43566503347650,gene_1456-gene_1505:2.34264889406641,,
VIRSorter_2721800935_Ga0175699_12,4233,VIRSorter_2721800935_Ga0175699_12-gene_1265-gene_1339,75,3,,,,gene_1265-gene_1339:4.84342762635147,gene_1265-gene_1324:3.17504884067458,,
VIRSorter_2721800935_Ga0175699_12,4233,VIRSorter_2721800935_Ga0175699_12-gene_3788-gene_3885,98,3,,,,gene_3788-gene_3885:8.58573127325192,gene_3789-gene_3848:4.62508578601855,,
VIRSorter_2721800935_Ga0175699_12,4233,VIRSorter_2721800935_Ga0175699_12-gene_4069-gene_4106,38,3,,,,gene_4069-gene_4106:3.77364241116872,gene_4069-gene_4106:3.77364241116872,,gene_4069-gene_4103:4.50348870668851
VIRSorter_2721801272_Ga0176028_11,3419,VIRSorter_2721801272_Ga0176028_11-gene_1468-gene_1515,48,3,,,,gene_1468-gene_1515:6.31051260443549,gene_1468-gene_1515:6.31051260443549,,
VIRSorter_2721801272_Ga0176028_11,3419,VIRSorter_2721801272_Ga0176028_11-gene_2388-gene_2442,55,3,,,,gene_2388-gene_2442:13.19378835423306,gene_2388-gene_2440:10.97606394336305,,
VIRSorter_2721801272_Ga0176028_11,3419,VIRSorter_2721801272_Ga0176028_11-gene_2659-gene_2729,71,3,,,,gene_2659-gene_2729:5.28688531568229,gene_2659-gene_2729:4.58481250877940,,
VIRSorter_2721801272_Ga0176028_11,3419,VIRSorter_2721801272_Ga0176028_11-gene_545-gene_627,83,3,,,,gene_545-gene_627:4.98193157328960,gene_545-gene_616:3.66698185122489,,
VIRSorter_2721801484_Ga0175998_12,3657,VIRSorter_2721801484_Ga0175998_12-gene_2983-gene_3022,40,3,,,,gene_2983-gene_3022:11.52371000847804,gene_2985-gene_3022:6.80095869792881,,
VIRSorter_2721801484_Ga0175998_12,3657,VIRSorter_2721801484_Ga0175998_12-gene_465-gene_503,39,3,,,,gene_465-gene_503:16.87401046942020,gene_465-gene_503:13.67220489113829,,
VIRSorter_2721801511_Ga0175657_12,2974,VIRSorter_2721801511_Ga0175657_12-gene_2685-gene_2714,30,3,,,,gene_2685-gene_2714:4.52797231728300,gene_2685-gene_2710:3.34090381224045,,
VIRSorter_2724812406_K01M1_chromosome1,3086,VIRSorter_2724812406_K01M1_chromosome1-gene_1363-gene_1387,25,3,,,,gene_1363-gene_1387:9.51472624375727,gene_1364-gene_1387:7.21417877968944,,
VIRSorter_2724812406_K01M1_chromosome1,3086,VIRSorter_2724812406_K01M1_chromosome1-gene_1769-gene_1868,100,3,,,,gene_1769-gene_1868:8.20637290779207,gene_1809-gene_1868:3.31439201485819,,
VIRSorter_2724812408_K04M1_chromosome1,3098,VIRSorter_2724812408_K04M1_chromosome1-gene_1370-gene_1394,25,3,,,,gene_1370-gene_1394:9.51301079261875,gene_1371-gene_1394:7.21246332855092,,
VIRSorter_2724812408_K04M1_chromosome1,3098,VIRSorter_2724812408_K04M1_chromosome1-gene_1777-gene_1877,101,3,,,,gene_1777-gene_1875:8.46120520716848,gene_1817-gene_1877:3.05719126467733,,
VIRSorter_2724812413_K04M3_chromosome1,3104,VIRSorter_2724812413_K04M3_chromosome1-gene_1373-gene_1397,25,3,,,,gene_1373-gene_1397:9.51215560137050,gene_1374-gene_1397:7.21160813730267,,
VIRSorter_2724812413_K04M3_chromosome1,3104,VIRSorter_2724812413_K04M3_chromosome1-gene_1784-gene_1883,100,3,,,,gene_1784-gene_1883:8.20380226540530,gene_1824-gene_1883:3.31182137247142,,
VIRSorter_2724812416_K04M5_chromosome1,3080,VIRSorter_2724812416_K04M5_chromosome1-gene_1337-gene_1361,25,3,,,,gene_1337-gene_1361:9.51558651703012,gene_1338-gene_1361:7.21503905296229,,
VIRSorter_2724812416_K04M5_chromosome1,3080,VIRSorter_2724812416_K04M5_chromosome1-gene_1765-gene_1865,101,3,,,,gene_1765-gene_1863:8.46378093157985,gene_1805-gene_1865:3.05976698908870,,
VIRSorter_2724812419_K05K4_chromosome1,3105,VIRSorter_2724812419_K05K4_chromosome1-gene_1361-gene_1385,25,3,,,,gene_1361-gene_1385:9.51201323307488,gene_1362-gene_1385:7.21146576900705,,
VIRSorter_2724812419_K05K4_chromosome1,3105,VIRSorter_2724812419_K05K4_chromosome1-gene_1785-gene_1884,100,3,,,,gene_1785-gene_1884:8.20365989710968,gene_1825-gene_1884:3.31167900417580,,
VIRSorter_2724812723_K06K5_chromosome1,3091,VIRSorter_2724812723_K06K5_chromosome1-gene_1371-gene_1395,25,3,,,,gene_1371-gene_1395:9.51401064879902,gene_1372-gene_1395:7.21346318473119,,
VIRSorter_2724812723_K06K5_chromosome1,3091,VIRSorter_2724812723_K06K5_chromosome1-gene_1777-gene_1876,100,3,,,,gene_1777-gene_1876:8.20565731283383,gene_1817-gene_1876:3.31367641989994,,
VIRSorter_2724812731_K09K1_contig000002,3096,VIRSorter_2724812731_K09K1_contig000002-gene_192-gene_216,25,3,,,,gene_192-gene_216:9.51329623100031,gene_192-gene_215:7.21274876693248,,
VIRSorter_2724812731_K09K1_contig000002,3096,VIRSorter_2724812731_K09K1_contig000002-gene_2779-gene_2877,99,3,,,,gene_2779-gene_2877:8.46149064555004,gene_2779-gene_2877:3.47225260169411,,
VIRSorter_2724812732_K10K4_chromosome1,3114,VIRSorter_2724812732_K10K4_chromosome1-gene_1339-gene_1363,25,3,,,,gene_1339-gene_1363:9.51073401423571,gene_1340-gene_1363:7.21018655016788,,
VIRSorter_2724812732_K10K4_chromosome1,3114,VIRSorter_2724812732_K10K4_chromosome1-gene_1758-gene_1857,100,3,,,,gene_1758-gene_1857:8.20238067827051,gene_1798-gene_1857:3.31039978533662,,
VIRSorter_2724812734_K08M3_chromosome1,3087,VIRSorter_2724812734_K08M3_chromosome1-gene_1360-gene_1384,25,3,,,,gene_1360-gene_1384:9.51458303040662,gene_1361-gene_1384:7.21403556633879,,
VIRSorter_2724812734_K08M3_chromosome1,3087,VIRSorter_2724812734_K08M3_chromosome1-gene_1770-gene_1870,101,3,,,,gene_1770-gene_1868:8.46277744495635,gene_1810-gene_1870:3.05876350246520,,
VIRSorter_2728434717_Ga0175483_11,5078,VIRSorter_2728434717_Ga0175483_11-gene_4310-gene_4351,42,3,,,,gene_4310-gene_4351:11.30949757453135,gene_4310-gene_4346:7.18371913688985,,
VIRSorter_2728434717_Ga0175483_11,5078,VIRSorter_2728434717_Ga0175483_11-gene_825-gene_914,90,3,,,,gene_827-gene_914:37.00014319206499,gene_825-gene_914:18.81692873089333,,gene_839-gene_870:5.36171345776442
VIRSorter_637000158_NC_003910,4527,VIRSorter_637000158_NC_003910-gene_303-gene_340,38,3,,,,gene_303-gene_338:11.69013355083016,gene_303-gene_340:6.70702406187872,,gene_303-gene_326:3.65801181878245
VIRSorter_637000158_NC_003910,4527,VIRSorter_637000158_NC_003910-gene_774-gene_798,25,3,,,,gene_774-gene_798:7.68682923884835,gene_774-gene_790:2.60709297666541,,
VIRSorter_637000233_NC_005027,5269,VIRSorter_637000233_NC_005027-gene_1-gene_28,28,3,,,,gene_1-gene_28:13.28850035713652,gene_1-gene_28:9.55281465360491,,
VIRSorter_637000233_NC_005027,5269,VIRSorter_637000233_NC_005027-gene_1561-gene_1633,73,3,,,,gene_1561-gene_1633:5.99176173854690,gene_1561-gene_1633:3.89561319505549,,
VIRSorter_637000233_NC_005027,5269,VIRSorter_637000233_NC_005027-gene_4489-gene_4588,100,3,,,,gene_4489-gene_4588:5.99932594474176,gene_4489-gene_4588:5.99932594474176,,
VIRSorter_637000420_NC_007484,3234,VIRSorter_637000420_NC_007484-gene_386-gene_472,87,3,,,,gene_386-gene_472:9.61948570169234,,,gene_404-gene_472:7.61664373285463
VIRSorter_637000441_NC_007516,2824,VIRSorter_637000441_NC_007516-gene_1086-gene_1155,70,3,,,,gene_1086-gene_1155:16.30442730199449,gene_1092-gene_1151:10.83078857598817,,gene_1087-gene_1151:12.45083234554818
VIRSorter_637000441_NC_007516,2824,VIRSorter_637000441_NC_007516-gene_1283-gene_1297,15,3,,,,gene_1283-gene_1297:4.75819101480383,gene_1283-gene_1297:4.75819101480383,,
VIRSorter_637000441_NC_007516,2824,VIRSorter_637000441_NC_007516-gene_1546-gene_1648,103,3,,,,gene_1549-gene_1648:21.48964518014780,gene_1546-gene_1643:17.60272925351594,,
VIRSorter_637000441_NC_007516,2824,VIRSorter_637000441_NC_007516-gene_1720-gene_1755,36,3,,,,gene_1720-gene_1755:4.78404864525891,gene_1720-gene_1755:4.78404864525891,,
VIRSorter_637000441_NC_007516,2824,VIRSorter_637000441_NC_007516-gene_1872-gene_1892,21,3,,,,gene_1872-gene_1892:6.91956917687932,gene_1872-gene_1892:6.91956917687932,,
VIRSorter_637000441_NC_007516,2824,VIRSorter_637000441_NC_007516-gene_1976-gene_2039,64,3,,,,gene_1976-gene_2039:5.89500080918892,gene_1976-gene_2015:3.21459435984748,,gene_1976-gene_2012:2.25568318541169
VIRSorter_637000441_NC_007516,2824,VIRSorter_637000441_NC_007516-gene_2596-gene_2707,112,3,,,,gene_2609-gene_2707:4.65735547364251,gene_2596-gene_2622:2.87417732456473,,gene_2609-gene_2618:2.63943744629336
VIRSorter_637000441_NC_007516,2824,VIRSorter_637000441_NC_007516-gene_969-gene_1002,34,3,,,,gene_969-gene_1002:10.64656638604828,gene_974-gene_1002:6.26840034953459,,
VIRSorter_637000467_NC_007645,6442,VIRSorter_637000467_NC_007645-gene_2880-gene_2978,99,3,,,,gene_2880-gene_2978:6.13933512548131,gene_2880-gene_2978:4.89229287026010,,
VIRSorter_637000467_NC_007645,6442,VIRSorter_637000467_NC_007645-gene_3236-gene_3309,74,3,,,,gene_3236-gene_3309:5.62512580385118,gene_3236-gene_3297:5.37014834084524,,
VIRSorter_637000467_NC_007645,6442,VIRSorter_637000467_NC_007645-gene_3387-gene_3472,86,3,,,,gene_3387-gene_3472:7.37115817731838,gene_3387-gene_3472:5.30030083059239,,
VIRSorter_637000467_NC_007645,6442,VIRSorter_637000467_NC_007645-gene_3517-gene_3550,34,3,,,,gene_3517-gene_3550:4.32980372549021,gene_3517-gene_3550:4.32980372549021,,
VIRSorter_637000467_NC_007645,6442,VIRSorter_637000467_NC_007645-gene_6362-gene_6418,57,3,,,,gene_6362-gene_6418:6.19855226243581,gene_6362-gene_6418:4.57779648496587,,
VIRSorter_637000514_NC_007912,4146,VIRSorter_637000514_NC_007912-gene_1863-gene_1895,33,3,,,,gene_1863-gene_1895:7.26191207816765,gene_1868-gene_1895:6.76465788099520,,
VIRSorter_637000514_NC_007912,4146,VIRSorter_637000514_NC_007912-gene_2363-gene_2423,61,3,,,,gene_2363-gene_2423:11.19785090809540,gene_2363-gene_2423:10.23087386198651,,
VIRSorter_637000514_NC_007912,4146,VIRSorter_637000514_NC_007912-gene_3099-gene_3115,17,3,,,,gene_3099-gene_3115:4.13134994035170,gene_3099-gene_3115:4.13134994035170,,
VIRSorter_637000514_NC_007912,4146,VIRSorter_637000514_NC_007912-gene_434-gene_492,59,3,,,,gene_434-gene_492:21.81844020261716,gene_440-gene_492:20.98286563071420,gene_441-gene_492:2.39534817298444,
VIRSorter_637000589_NC_008255,3702,VIRSorter_637000589_NC_008255-gene_2191-gene_2290,100,3,,,,gene_2191-gene_2290:6.15452542784793,gene_2191-gene_2290:4.92541495293441,,
VIRSorter_637000589_NC_008255,3702,VIRSorter_637000589_NC_008255-gene_2821-gene_2849,29,3,,,,gene_2821-gene_2849:6.14882528894266,gene_2821-gene_2848:4.38796971961384,,
VIRSorter_637000589_NC_008255,3702,VIRSorter_637000589_NC_008255-gene_477-gene_539,63,3,,,,gene_477-gene_539:5.31107353399328,gene_477-gene_539:2.49326471159845,,
VIRSorter_637000606_NC_008312,4931,VIRSorter_637000606_NC_008312-gene_1114-gene_1208,95,3,,,,gene_1114-gene_1200:8.67453075912033,gene_1114-gene_1208:6.54985743697838,,
VIRSorter_637000606_NC_008312,4931,VIRSorter_637000606_NC_008312-gene_1286-gene_1382,97,3,,,,gene_1286-gene_1382:4.22972084816281,gene_1286-gene_1360:2.22176683703349,,gene_1286-gene_1360:7.90280821081923
VIRSorter_637000606_NC_008312,4931,VIRSorter_637000606_NC_008312-gene_282-gene_299,18,3,,,,gene_282-gene_299:6.54446046351459,gene_282-gene_299:6.54446046351459,,gene_282-gene_299:12.35280585208734
VIRSorter_637000606_NC_008312,4931,VIRSorter_637000606_NC_008312-gene_2943-gene_3042,100,3,,,,gene_2946-gene_3042:7.39630762417678,gene_2943-gene_3042:2.54411445827695,,
VIRSorter_637000606_NC_008312,4931,VIRSorter_637000606_NC_008312-gene_3386-gene_3484,99,3,,,,gene_3386-gene_3484:5.62444427141885,gene_3386-gene_3484:2.72062277990452,,
VIRSorter_637000606_NC_008312,4931,VIRSorter_637000606_NC_008312-gene_4078-gene_4123,46,3,,,,gene_4078-gene_4123:16.48432646784010,gene_4083-gene_4123:13.35810899799421,,
VIRSorter_637000606_NC_008312,4931,VIRSorter_637000606_NC_008312-gene_4711-gene_4800,90,3,,,,gene_4711-gene_4800:9.29728569875626,gene_4711-gene_4800:6.44075252476464,,
VIRSorter_637000608_NC_008319,2606,VIRSorter_637000608_NC_008319-gene_1551-gene_1652,102,3,,,,gene_1553-gene_1652:6.94976210772068,gene_1551-gene_1648:5.50553758736118,,gene_1588-gene_1647:3.64967783686716
VIRSorter_637000608_NC_008319,2606,VIRSorter_637000608_NC_008319-gene_2126-gene_2162,37,3,,,,gene_2126-gene_2162:6.38954862798618,gene_2126-gene_2162:6.38954862798618,,
VIRSorter_637000608_NC_008319,2606,VIRSorter_637000608_NC_008319-gene_2428-gene_2526,99,3,,,,gene_2428-gene_2526:5.29077710767742,gene_2428-gene_2439:2.76184767858128,,gene_2489-gene_2515:3.99015744668116
VIRSorter_637000608_NC_008319,2606,VIRSorter_637000608_NC_008319-gene_558-gene_657,100,3,,,,gene_558-gene_657:8.28122143470297,gene_558-gene_657:5.68665914835894,,
VIRSorter_637000608_NC_008319,2606,VIRSorter_637000608_NC_008319-gene_716-gene_809,94,3,,,,gene_729-gene_809:8.46322108667793,gene_716-gene_809:7.75616272083301,,gene_756-gene_809:3.95030879548187
VIRSorter_637000608_NC_008319,2606,VIRSorter_637000608_NC_008319-gene_957-gene_1015,59,3,,,,gene_957-gene_1015:11.31447358314432,gene_961-gene_1015:9.16742517076858,,
VIRSorter_637000611_NC_008322,4119,VIRSorter_637000611_NC_008322-gene_1040-gene_1074,35,3,,,,gene_1040-gene_1074:6.13371633978413,gene_1043-gene_1074:4.44737978838201,,
VIRSorter_638366418_NZ_AANA01000001,2158,VIRSorter_638366418_NZ_AANA01000001-gene_1438-gene_1454,17,3,,,,gene_1438-gene_1454:4.42023982991012,gene_1441-gene_1454:2.47118593531959,,
VIRSorter_639633066_NC_008571,3376,VIRSorter_639633066_NC_008571-gene_2377-gene_2446,70,3,,,,gene_2377-gene_2446:10.39882377841280,gene_2377-gene_2437:7.61612674346582,,
VIRSorter_639633066_NC_008571,3376,VIRSorter_639633066_NC_008571-gene_797-gene_845,49,3,,,,gene_797-gene_845:12.01538036910173,gene_797-gene_845:8.77385142381469,,
VIRSorter_639633068_NC_008576,3948,VIRSorter_639633068_NC_008576-gene_2295-gene_2394,100,3,,,,gene_2295-gene_2394:7.42339529553663,gene_2295-gene_2394:6.12618431032030,,
VIRSorter_639633098_NC_008709,3834,VIRSorter_639633098_NC_008709-gene_2610-gene_2648,39,3,,,,gene_2610-gene_2648:5.28585792718166,gene_2610-gene_2648:2.58678445203390,,
VIRSorter_639633099_NC_008711,4260,VIRSorter_639633099_NC_008711-gene_3189-gene_3244,56,3,,,,gene_3189-gene_3244:5.88854956664686,gene_3192-gene_3244:4.43943343812452,,
VIRSorter_640069312_NC_008820,2449,VIRSorter_640069312_NC_008820-gene_1641-gene_1710,70,3,,,,gene_1641-gene_1710:7.21678809364400,gene_1641-gene_1710:3.63454954921684,,
VIRSorter_640069312_NC_008820,2449,VIRSorter_640069312_NC_008820-gene_244-gene_322,79,3,,,,gene_244-gene_322:4.12483735926018,gene_244-gene_322:3.50009690999473,,
VIRSorter_640069312_NC_008820,2449,VIRSorter_640069312_NC_008820-gene_847-gene_912,66,3,,,,gene_847-gene_912:9.39797905914356,gene_847-gene_912:7.70424700580180,,
VIRSorter_640069312_NC_008820,2449,VIRSorter_640069312_NC_008820-gene_936-gene_1035,100,3,,,,gene_936-gene_1035:16.89507867579355,gene_937-gene_1035:14.67812827913975,,
VIRSorter_640753031_NC_009663,2560,VIRSorter_640753031_NC_009663-gene_2078-gene_2108,31,3,,,,gene_2078-gene_2108:7.51271510252742,gene_2078-gene_2108:7.51271510252742,,
VIRSorter_640753031_NC_009663,2560,VIRSorter_640753031_NC_009663-gene_717-gene_808,92,3,,,,gene_717-gene_808:4.96976974803513,gene_717-gene_808:3.77074467317879,,
VIRSorter_641522729_NC_010674,3507,VIRSorter_641522729_NC_010674-gene_1541-gene_1594,54,3,,,,gene_1541-gene_1594:11.52348907183829,gene_1541-gene_1594:11.52348907183829,,
VIRSorter_642555224_NC_011138,3936,VIRSorter_642555224_NC_011138-gene_3586-gene_3618,33,3,,,,gene_3586-gene_3616:8.63489122851403,gene_3586-gene_3618:5.02562721362824,,
VIRSorter_643348578_NC_011566,4565,VIRSorter_643348578_NC_011566-gene_2857-gene_2879,23,3,,,,gene_2857-gene_2879:4.97564350977838,gene_2857-gene_2878:4.35819410220770,,
VIRSorter_643692025_NC_012108,4785,VIRSorter_643692025_NC_012108-gene_1861-gene_1913,53,3,,,,gene_1861-gene_1913:6.92647143469047,gene_1862-gene_1913:3.14993560259226,,
VIRSorter_643692025_NC_012108,4785,VIRSorter_643692025_NC_012108-gene_4277-gene_4332,56,3,,,,gene_4277-gene_4332:5.83746588694860,gene_4277-gene_4332:3.48930764870860,,
VIRSorter_643692052_NC_012490,6135,VIRSorter_643692052_NC_012490-gene_2081-gene_2105,25,3,,,,gene_2081-gene_2103:6.27195124706307,gene_2081-gene_2105:2.45721810523111,,
VIRSorter_643692052_NC_012490,6135,VIRSorter_643692052_NC_012490-gene_2927-gene_2959,33,3,,,,gene_2927-gene_2959:14.51153026949078,gene_2927-gene_2959:12.72885917485406,,
VIRSorter_646311903_NC_013222,3087,VIRSorter_646311903_NC_013222-gene_2004-gene_2051,48,3,,,,gene_2004-gene_2051:24.81170506223881,gene_2004-gene_2046:14.81110144029193,,
VIRSorter_646311903_NC_013222,3087,VIRSorter_646311903_NC_013222-gene_201-gene_233,33,3,,,,gene_201-gene_233:5.13281033436992,gene_201-gene_228:3.38900437299796,,
VIRSorter_646311943_NC_013440,7011,VIRSorter_646311943_NC_013440-gene_1131-gene_1193,63,3,,,,gene_1131-gene_1193:16.34652281946422,gene_1131-gene_1193:12.04825002134201,,
VIRSorter_646311943_NC_013440,7011,VIRSorter_646311943_NC_013440-gene_1223-gene_1298,76,3,,,,gene_1223-gene_1298:5.05448318113536,gene_1223-gene_1297:3.29965843077881,,
VIRSorter_646311943_NC_013440,7011,VIRSorter_646311943_NC_013440-gene_1566-gene_1665,100,3,,,,gene_1566-gene_1665:16.43196219018649,gene_1566-gene_1665:11.47828903464476,,
VIRSorter_646311943_NC_013440,7011,VIRSorter_646311943_NC_013440-gene_2613-gene_2694,82,3,,,,gene_2613-gene_2694:4.25241988175436,gene_2613-gene_2694:3.61912612811321,,
VIRSorter_646311943_NC_013440,7011,VIRSorter_646311943_NC_013440-gene_2885-gene_2983,99,3,,,,gene_2885-gene_2983:15.06176508793634,gene_2885-gene_2983:7.41822567891773,,
VIRSorter_646311943_NC_013440,7011,VIRSorter_646311943_NC_013440-gene_3076-gene_3172,97,3,,,,gene_3076-gene_3172:5.92272794411328,gene_3076-gene_3172:5.92272794411328,,
VIRSorter_646311943_NC_013440,7011,VIRSorter_646311943_NC_013440-gene_6459-gene_6512,54,3,,,,gene_6459-gene_6512:5.52311178679311,gene_6459-gene_6503:2.01651369015196,,
VIRSorter_646311943_NC_013440,7011,VIRSorter_646311943_NC_013440-gene_873-gene_992,120,3,,,,gene_894-gene_992:27.94210518153573,gene_873-gene_972:16.43196219018649,,
VIRSorter_646311952_NC_013456,2888,VIRSorter_646311952_NC_013456-gene_1539-gene_1644,106,3,,,,gene_1548-gene_1644:10.48453538030075,gene_1539-gene_1638:6.90424293185836,gene_1544-gene_1643:3.00615627891868,
VIRSorter_646564593_NC_014008,3066,VIRSorter_646564593_NC_014008-gene_1988-gene_2006,19,3,,,,gene_1988-gene_2006:5.57145955057025,gene_1988-gene_2006:5.57145955057025,,
VIRSorter_646564593_NC_014008,3066,VIRSorter_646564593_NC_014008-gene_266-gene_307,42,3,,,,gene_266-gene_307:17.21620861922235,gene_266-gene_307:17.21620861922235,,
VIRSorter_646564593_NC_014008,3066,VIRSorter_646564593_NC_014008-gene_3018-gene_3039,22,3,,,,gene_3018-gene_3039:7.54055189758240,gene_3018-gene_3039:7.54055189758240,,
VIRSorter_646564593_NC_014008,3066,VIRSorter_646564593_NC_014008-gene_540-gene_562,23,3,,,,gene_540-gene_562:6.57707128294708,gene_540-gene_562:6.57707128294708,,
VIRSorter_646564595_NC_014010,2596,VIRSorter_646564595_NC_014010-gene_1727-gene_1753,27,3,,,,gene_1727-gene_1753:6.36026634928801,gene_1727-gene_1753:6.36026634928801,,
VIRSorter_646564612_NC_014041,4411,VIRSorter_646564612_NC_014041-gene_1172-gene_1265,94,3,,,,gene_1172-gene_1265:4.91083750032242,gene_1185-gene_1265:4.04594268472543,,
VIRSorter_646564612_NC_014041,4411,VIRSorter_646564612_NC_014041-gene_2018-gene_2041,24,3,,,,gene_2018-gene_2041:5.61080815690621,gene_2018-gene_2036:5.41112695816316,,
VIRSorter_646564612_NC_014041,4411,VIRSorter_646564612_NC_014041-gene_2481-gene_2503,23,3,,,,gene_2481-gene_2503:8.03845408595758,gene_2481-gene_2503:2.54796542327498,,
VIRSorter_646564612_NC_014041,4411,VIRSorter_646564612_NC_014041-gene_3035-gene_3124,90,3,,,,gene_3035-gene_3124:4.54823545039033,gene_3035-gene_3097:3.07981044096010,,
VIRSorter_646564612_NC_014041,4411,VIRSorter_646564612_NC_014041-gene_3681-gene_3766,86,3,,,,gene_3681-gene_3766:6.82698358439400,gene_3681-gene_3766:4.81606744130446,,
VIRSorter_647533410_NZ_DS989854-circular,174,VIRSorter_647533410_NZ_DS989854-circular-gene_1-gene_86,86,3,,,,gene_1-gene_86:9.09734183873720,gene_3-gene_86:4.36038261576322,,
VIRSorter_647533410_NZ_DS989854-circular,174,VIRSorter_647533410_NZ_DS989854-circular-gene_108-gene_136,29,3,,,,gene_108-gene_136:7.63169887255142,gene_108-gene_132:4.16201186259616,,
VIRSorter_647533454_NZ_DS989898,3564,VIRSorter_647533454_NZ_DS989898-gene_1565-gene_1654,90,3,,,,gene_1565-gene_1654:7.97317194087425,gene_1566-gene_1654:3.06249264468108,,
VIRSorter_647533454_NZ_DS989898,3564,VIRSorter_647533454_NZ_DS989898-gene_3061-gene_3126,66,3,,,,gene_3061-gene_3126:22.10532018010776,gene_3062-gene_3123:12.81444081797817,,
VIRSorter_647533516_NZ_DS990556,2829,VIRSorter_647533516_NZ_DS990556-gene_2410-gene_2507,98,3,,,,gene_2410-gene_2507:6.09315324422321,gene_2410-gene_2504:3.14837617613906,,
VIRSorter_647533596_NZ_DS995276,4051,VIRSorter_647533596_NZ_DS995276-gene_101-gene_177,77,3,,,,gene_101-gene_177:9.53446826201910,gene_105-gene_177:4.68630006080055,,
VIRSorter_647533937_NZ_DS999412-circular,4631,VIRSorter_647533937_NZ_DS999412-circular-gene_3605-gene_3702,98,3,,,,gene_3605-gene_3702:15.60726816982320,gene_3616-gene_3702:11.04159071648877,,
VIRSorter_647535429_NZ_GG704599,2798,VIRSorter_647535429_NZ_GG704599-gene_222-gene_240,19,3,,,,gene_222-gene_240:4.07607970417784,gene_222-gene_240:4.07607970417784,,
VIRSorter_648028061_NC_014414,2683,VIRSorter_648028061_NC_014414-gene_1047-gene_1130,84,3,,,,gene_1047-gene_1104:7.94933298967948,gene_1049-gene_1130:3.42908223679805,,
VIRSorter_648028061_NC_014414,2683,VIRSorter_648028061_NC_014414-gene_2294-gene_2320,27,3,,,,gene_2296-gene_2320:6.45269312526029,gene_2294-gene_2320:2.89686650752282,,
VIRSorter_649633075_NC_014759,3739,VIRSorter_649633075_NC_014759-gene_1905-gene_1964,60,3,,,,gene_1905-gene_1964:6.24675104400214,gene_1905-gene_1931:6.19900440331093,,
VIRSorter_649633075_NC_014759,3739,VIRSorter_649633075_NC_014759-gene_3428-gene_3459,32,3,,,,gene_3428-gene_3459:5.56590031376045,gene_3428-gene_3458:2.02125323224963,,
VIRSorter_650377919_CP001978,4187,VIRSorter_650377919_CP001978-gene_3109-gene_3128,20,3,,,,gene_3109-gene_3128:6.08938698082330,gene_3113-gene_3128:3.47561669823883,,
VIRSorter_650377919_CP001978,4187,VIRSorter_650377919_CP001978-gene_69-gene_168,100,3,,,,gene_119-gene_157:15.14519193636776;gene_69-gene_80:2.55246294334870,gene_69-gene_168:6.10031485222260,,
VIRSorter_650716032_NC_015275,4318,VIRSorter_650716032_NC_015275-gene_1500-gene_1529,30,3,,,,gene_1500-gene_1529:10.93447249895626,gene_1500-gene_1529:3.32316134579094,,
VIRSorter_650716032_NC_015275,4318,VIRSorter_650716032_NC_015275-gene_3744-gene_3816,73,3,,,,gene_3744-gene_3816:4.65821701304213,gene_3744-gene_3816:2.70249701176691,,
VIRSorter_650716048_NC_015391,2486,VIRSorter_650716048_NC_015391-gene_65-gene_163,99,3,,,,gene_65-gene_163:8.55868628466632,gene_65-gene_113:5.19549225256322,,gene_74-gene_112:5.64274495689064
VIRSorter_650716048_NC_015391,2486,VIRSorter_650716048_NC_015391-gene_866-gene_897,32,3,,,,gene_866-gene_895:12.91864458367530,gene_869-gene_897:5.14201008022167,,
VIRSorter_650716066_NC_015434,6071,VIRSorter_650716066_NC_015434-gene_2221-gene_2325,105,3,,,,gene_2221-gene_2319:17.78087156652230,gene_2226-gene_2325:7.90872209326043,,
VIRSorter_650716066_NC_015434,6071,VIRSorter_650716066_NC_015434-gene_2471-gene_2528,58,3,,,,gene_2471-gene_2528:4.30081663787127,gene_2471-gene_2528:2.84058218527621,,
VIRSorter_650716066_NC_015434,6071,VIRSorter_650716066_NC_015434-gene_579-gene_663,85,3,,,,gene_579-gene_663:15.13304086927310,gene_579-gene_661:9.02232482326061,,
VIRSorter_650716066_NC_015434,6071,VIRSorter_650716066_NC_015434-gene_5848-gene_5939,92,3,,,,gene_5848-gene_5939:5.86208247360527,gene_5848-gene_5939:5.21648496109195,,
VIRSorter_650716068_NC_015458,3613,VIRSorter_650716068_NC_015458-gene_209-gene_304,96,3,,,,gene_209-gene_290:6.56812363320567,gene_210-gene_304:4.78325629496681,,
VIRSorter_650716118_NC_015638,2983,VIRSorter_650716118_NC_015638-gene_2872-gene_2918,47,3,,,,gene_2872-gene_2918:8.75218163312318,gene_2872-gene_2918:3.32722272950581,,
VIRSorter_650716148_NC_015711,7508,VIRSorter_650716148_NC_015711-gene_1364-gene_1462,99,3,,,,gene_1364-gene_1462:6.07231064452993,gene_1364-gene_1462:3.64670498993395,,
VIRSorter_650716148_NC_015711,7508,VIRSorter_650716148_NC_015711-gene_1881-gene_2147,267,3,,,,gene_2012-gene_2110:5.44020763859259;gene_1881-gene_1979:2.53638614707827,gene_1954-gene_2053:2.89835133193593;gene_2069-gene_2147:3.00701303932749,,
VIRSorter_650716148_NC_015711,7508,VIRSorter_650716148_NC_015711-gene_3139-gene_3236,98,3,,,,gene_3139-gene_3236:6.96418588931020,gene_3139-gene_3236:4.43334130729881,,
VIRSorter_650716148_NC_015711,7508,VIRSorter_650716148_NC_015711-gene_878-gene_992,115,3,,,,gene_923-gene_992:5.21642924202490,gene_878-gene_975:4.43334130729881,,
VIRSorter_651053104_CP002811,4594,VIRSorter_651053104_CP002811-gene_183-gene_227,45,3,,,,gene_183-gene_227:4.64412281925768,gene_183-gene_223:3.49829077979057,,
